"filename", "language", "C++", "Markdown", "Python", "CMake", "YAML", "LaTeX", "JSON", "HTML", "toml", "Shell Script", "PostCSS", "XML", "Properties", "reStructuredText", "JavaScript", "Makefile", "comment", "blank", "total"
"/home/kaede-rei/ros2-workspace/arm-ws/src/tsid/.github/dependabot.yml", "YAML", 0, 0, 0, 0, 7, 0, 0, 0, 0, 0, 0, 0, 0, 0, 0, 0, 0, 1, 8
"/home/kaede-rei/ros2-workspace/arm-ws/src/tsid/.github/workflows/ci-linux-osx-conda.yml", "YAML", 0, 0, 0, 0, 100, 0, 0, 0, 0, 0, 0, 0, 0, 0, 0, 0, 5, 17, 122
"/home/kaede-rei/ros2-workspace/arm-ws/src/tsid/.github/workflows/ci-linux-ros.yml", "YAML", 0, 0, 0, 0, 34, 0, 0, 0, 0, 0, 0, 0, 0, 0, 0, 0, 2, 3, 39
"/home/kaede-rei/ros2-workspace/arm-ws/src/tsid/.github/workflows/conda/environment.yml", "YAML", 0, 0, 0, 0, 21, 0, 0, 0, 0, 0, 0, 0, 0, 0, 0, 0, 0, 1, 22
"/home/kaede-rei/ros2-workspace/arm-ws/src/tsid/.github/workflows/nix.yml", "YAML", 0, 0, 0, 0, 24, 0, 0, 0, 0, 0, 0, 0, 0, 0, 0, 0, 0, 3, 27
"/home/kaede-rei/ros2-workspace/arm-ws/src/tsid/.github/workflows/update-flake-lock.yml", "YAML", 0, 0, 0, 0, 17, 0, 0, 0, 0, 0, 0, 0, 0, 0, 0, 0, 0, 3, 20
"/home/kaede-rei/ros2-workspace/arm-ws/src/tsid/.gitlab-ci.yml", "YAML", 0, 0, 0, 0, 1, 0, 0, 0, 0, 0, 0, 0, 0, 0, 0, 0, 0, 1, 2
"/home/kaede-rei/ros2-workspace/arm-ws/src/tsid/.pre-commit-config.yaml", "YAML", 0, 0, 0, 0, 34, 0, 0, 0, 0, 0, 0, 0, 0, 0, 0, 0, 0, 1, 35
"/home/kaede-rei/ros2-workspace/arm-ws/src/tsid/CHANGELOG.md", "Markdown", 0, 158, 0, 0, 0, 0, 0, 0, 0, 0, 0, 0, 0, 0, 0, 0, 0, 50, 208
"/home/kaede-rei/ros2-workspace/arm-ws/src/tsid/CMakeLists.txt", "CMake", 0, 0, 0, 298, 0, 0, 0, 0, 0, 0, 0, 0, 0, 0, 0, 0, 0, 52, 350
"/home/kaede-rei/ros2-workspace/arm-ws/src/tsid/README.md", "Markdown", 0, 84, 0, 0, 0, 0, 0, 0, 0, 0, 0, 0, 0, 0, 0, 0, 0, 36, 120
"/home/kaede-rei/ros2-workspace/arm-ws/src/tsid/bindings/CMakeLists.txt", "CMake", 0, 0, 0, 6, 0, 0, 0, 0, 0, 0, 0, 0, 0, 0, 0, 0, 0, 2, 8
"/home/kaede-rei/ros2-workspace/arm-ws/src/tsid/bindings/python/CMakeLists.txt", "CMake", 0, 0, 0, 106, 0, 0, 0, 0, 0, 0, 0, 0, 0, 0, 0, 0, 0, 11, 117
"/home/kaede-rei/ros2-workspace/arm-ws/src/tsid/bindings/python/constraint/constraint-bound.cpp", "C++", 10, 0, 0, 0, 0, 0, 0, 0, 0, 0, 0, 0, 0, 0, 0, 0, 3, 3, 16
"/home/kaede-rei/ros2-workspace/arm-ws/src/tsid/bindings/python/constraint/constraint-equality.cpp", "C++", 10, 0, 0, 0, 0, 0, 0, 0, 0, 0, 0, 0, 0, 0, 0, 0, 3, 3, 16
"/home/kaede-rei/ros2-workspace/arm-ws/src/tsid/bindings/python/constraint/constraint-inequality.cpp", "C++", 10, 0, 0, 0, 0, 0, 0, 0, 0, 0, 0, 0, 0, 0, 0, 0, 3, 3, 16
"/home/kaede-rei/ros2-workspace/arm-ws/src/tsid/bindings/python/contacts/contact-6d.cpp", "C++", 9, 0, 0, 0, 0, 0, 0, 0, 0, 0, 0, 0, 0, 0, 0, 0, 3, 3, 15
"/home/kaede-rei/ros2-workspace/arm-ws/src/tsid/bindings/python/contacts/contact-point.cpp", "C++", 10, 0, 0, 0, 0, 0, 0, 0, 0, 0, 0, 0, 0, 0, 0, 0, 3, 3, 16
"/home/kaede-rei/ros2-workspace/arm-ws/src/tsid/bindings/python/contacts/contact-two-frame-positions.cpp", "C++", 11, 0, 0, 0, 0, 0, 0, 0, 0, 0, 0, 0, 0, 0, 0, 0, 3, 3, 17
"/home/kaede-rei/ros2-workspace/arm-ws/src/tsid/bindings/python/contacts/measured-6d-wrench.cpp", "C++", 10, 0, 0, 0, 0, 0, 0, 0, 0, 0, 0, 0, 0, 0, 0, 0, 0, 1, 11
"/home/kaede-rei/ros2-workspace/arm-ws/src/tsid/bindings/python/formulations/formulation.cpp", "C++", 10, 0, 0, 0, 0, 0, 0, 0, 0, 0, 0, 0, 0, 0, 0, 0, 3, 3, 16
"/home/kaede-rei/ros2-workspace/arm-ws/src/tsid/bindings/python/math/utils.cpp", "C++", 34, 0, 0, 0, 0, 0, 0, 0, 0, 0, 0, 0, 0, 0, 0, 0, 3, 6, 43
"/home/kaede-rei/ros2-workspace/arm-ws/src/tsid/bindings/python/module.cpp", "C++", 35, 0, 0, 0, 0, 0, 0, 0, 0, 0, 0, 0, 0, 0, 0, 0, 3, 8, 46
"/home/kaede-rei/ros2-workspace/arm-ws/src/tsid/bindings/python/robots/robot-wrapper.cpp", "C++", 9, 0, 0, 0, 0, 0, 0, 0, 0, 0, 0, 0, 0, 0, 0, 0, 3, 3, 15
"/home/kaede-rei/ros2-workspace/arm-ws/src/tsid/bindings/python/solvers/HQPData.cpp", "C++", 30, 0, 0, 0, 0, 0, 0, 0, 0, 0, 0, 0, 0, 0, 0, 0, 4, 7, 41
"/home/kaede-rei/ros2-workspace/arm-ws/src/tsid/bindings/python/solvers/HQPOutput.cpp", "C++", 9, 0, 0, 0, 0, 0, 0, 0, 0, 0, 0, 0, 0, 0, 0, 0, 3, 3, 15
"/home/kaede-rei/ros2-workspace/arm-ws/src/tsid/bindings/python/solvers/solver-HQP-eiquadprog.cpp", "C++", 23, 0, 0, 0, 0, 0, 0, 0, 0, 0, 0, 0, 0, 0, 0, 0, 3, 5, 31
"/home/kaede-rei/ros2-workspace/arm-ws/src/tsid/bindings/python/tasks/task-actuation-bounds.cpp", "C++", 10, 0, 0, 0, 0, 0, 0, 0, 0, 0, 0, 0, 0, 0, 0, 0, 3, 3, 16
"/home/kaede-rei/ros2-workspace/arm-ws/src/tsid/bindings/python/tasks/task-actuation-equality.cpp", "C++", 10, 0, 0, 0, 0, 0, 0, 0, 0, 0, 0, 0, 0, 0, 0, 0, 3, 3, 16
"/home/kaede-rei/ros2-workspace/arm-ws/src/tsid/bindings/python/tasks/task-am-equality.cpp", "C++", 10, 0, 0, 0, 0, 0, 0, 0, 0, 0, 0, 0, 0, 0, 0, 0, 3, 3, 16
"/home/kaede-rei/ros2-workspace/arm-ws/src/tsid/bindings/python/tasks/task-com-equality.cpp", "C++", 10, 0, 0, 0, 0, 0, 0, 0, 0, 0, 0, 0, 0, 0, 0, 0, 3, 3, 16
"/home/kaede-rei/ros2-workspace/arm-ws/src/tsid/bindings/python/tasks/task-contact-force-equality.cpp", "C++", 10, 0, 0, 0, 0, 0, 0, 0, 0, 0, 0, 0, 0, 0, 0, 0, 3, 3, 16
"/home/kaede-rei/ros2-workspace/arm-ws/src/tsid/bindings/python/tasks/task-cop-equality.cpp", "C++", 10, 0, 0, 0, 0, 0, 0, 0, 0, 0, 0, 0, 0, 0, 0, 0, 3, 3, 16
"/home/kaede-rei/ros2-workspace/arm-ws/src/tsid/bindings/python/tasks/task-joint-bounds.cpp", "C++", 10, 0, 0, 0, 0, 0, 0, 0, 0, 0, 0, 0, 0, 0, 0, 0, 3, 3, 16
"/home/kaede-rei/ros2-workspace/arm-ws/src/tsid/bindings/python/tasks/task-joint-posVelAcc-bounds.cpp", "C++", 10, 0, 0, 0, 0, 0, 0, 0, 0, 0, 0, 0, 0, 0, 0, 0, 3, 3, 16
"/home/kaede-rei/ros2-workspace/arm-ws/src/tsid/bindings/python/tasks/task-joint-posture.cpp", "C++", 10, 0, 0, 0, 0, 0, 0, 0, 0, 0, 0, 0, 0, 0, 0, 0, 3, 3, 16
"/home/kaede-rei/ros2-workspace/arm-ws/src/tsid/bindings/python/tasks/task-se3-equality.cpp", "C++", 10, 0, 0, 0, 0, 0, 0, 0, 0, 0, 0, 0, 0, 0, 0, 0, 3, 3, 16
"/home/kaede-rei/ros2-workspace/arm-ws/src/tsid/bindings/python/tasks/task-two-frames-equality.cpp", "C++", 10, 0, 0, 0, 0, 0, 0, 0, 0, 0, 0, 0, 0, 0, 0, 0, 3, 3, 16
"/home/kaede-rei/ros2-workspace/arm-ws/src/tsid/bindings/python/trajectories/trajectory-base.cpp", "C++", 10, 0, 0, 0, 0, 0, 0, 0, 0, 0, 0, 0, 0, 0, 0, 0, 3, 3, 16
"/home/kaede-rei/ros2-workspace/arm-ws/src/tsid/bindings/python/trajectories/trajectory-euclidian.cpp", "C++", 11, 0, 0, 0, 0, 0, 0, 0, 0, 0, 0, 0, 0, 0, 0, 0, 3, 3, 17
"/home/kaede-rei/ros2-workspace/arm-ws/src/tsid/bindings/python/trajectories/trajectory-se3.cpp", "C++", 11, 0, 0, 0, 0, 0, 0, 0, 0, 0, 0, 0, 0, 0, 0, 0, 3, 3, 17
"/home/kaede-rei/ros2-workspace/arm-ws/src/tsid/bindings/python/tsid/__init__.py", "Python", 0, 0, 1, 0, 0, 0, 0, 0, 0, 0, 0, 0, 0, 0, 0, 0, 0, 1, 2
"/home/kaede-rei/ros2-workspace/arm-ws/src/tsid/cmake/.docs/Makefile", "Makefile", 0, 0, 0, 0, 0, 0, 0, 0, 0, 0, 0, 0, 0, 0, 0, 143, 6, 29, 178
"/home/kaede-rei/ros2-workspace/arm-ws/src/tsid/cmake/.docs/_static/css/cmake.css", "PostCSS", 0, 0, 0, 0, 0, 0, 0, 0, 0, 0, 4, 0, 0, 0, 0, 0, 0, 1, 5
"/home/kaede-rei/ros2-workspace/arm-ws/src/tsid/cmake/.docs/cmake.py", "Python", 0, 0, 548, 0, 0, 0, 0, 0, 0, 0, 0, 0, 0, 0, 0, 0, 105, 122, 775
"/home/kaede-rei/ros2-workspace/arm-ws/src/tsid/cmake/.docs/conf.py", "Python", 0, 0, 95, 0, 0, 0, 0, 0, 0, 0, 0, 0, 0, 0, 0, 0, 158, 81, 334
"/home/kaede-rei/ros2-workspace/arm-ws/src/tsid/cmake/.docs/examples/minimal-hpp.cmake", "CMake", 0, 0, 0, 9, 0, 0, 0, 0, 0, 0, 0, 0, 0, 0, 0, 0, 0, 5, 14
"/home/kaede-rei/ros2-workspace/arm-ws/src/tsid/cmake/.docs/examples/minimal-with-packages.cmake", "CMake", 0, 0, 0, 24, 0, 0, 0, 0, 0, 0, 0, 0, 0, 0, 0, 0, 0, 8, 32
"/home/kaede-rei/ros2-workspace/arm-ws/src/tsid/cmake/.docs/examples/minimal.cmake", "CMake", 0, 0, 0, 8, 0, 0, 0, 0, 0, 0, 0, 0, 0, 0, 0, 0, 0, 5, 13
"/home/kaede-rei/ros2-workspace/arm-ws/src/tsid/cmake/.docs/index.rst", "reStructuredText", 0, 0, 0, 0, 0, 0, 0, 0, 0, 0, 0, 0, 0, 23, 0, 0, 5, 12, 40
"/home/kaede-rei/ros2-workspace/arm-ws/src/tsid/cmake/.docs/pages/base.rst", "reStructuredText", 0, 0, 0, 0, 0, 0, 0, 0, 0, 0, 0, 0, 0, 7, 0, 0, 8, 10, 25
"/home/kaede-rei/ros2-workspace/arm-ws/src/tsid/cmake/.docs/pages/cmake-packages.rst", "reStructuredText", 0, 0, 0, 0, 0, 0, 0, 0, 0, 0, 0, 0, 0, 20, 0, 0, 2, 12, 34
"/home/kaede-rei/ros2-workspace/arm-ws/src/tsid/cmake/.docs/pages/dependencies.rst", "reStructuredText", 0, 0, 0, 0, 0, 0, 0, 0, 0, 0, 0, 0, 0, 23, 0, 0, 13, 19, 55
"/home/kaede-rei/ros2-workspace/arm-ws/src/tsid/cmake/.docs/pages/developers.rst", "reStructuredText", 0, 0, 0, 0, 0, 0, 0, 0, 0, 0, 0, 0, 0, 62, 0, 0, 8, 32, 102
"/home/kaede-rei/ros2-workspace/arm-ws/src/tsid/cmake/.docs/pages/internal.rst", "reStructuredText", 0, 0, 0, 0, 0, 0, 0, 0, 0, 0, 0, 0, 0, 4, 0, 0, 6, 4, 14
"/home/kaede-rei/ros2-workspace/arm-ws/src/tsid/cmake/.docs/pages/other.rst", "reStructuredText", 0, 0, 0, 0, 0, 0, 0, 0, 0, 0, 0, 0, 0, 18, 0, 0, 9, 12, 39
"/home/kaede-rei/ros2-workspace/arm-ws/src/tsid/cmake/.docs/pages/projects.rst", "reStructuredText", 0, 0, 0, 0, 0, 0, 0, 0, 0, 0, 0, 0, 0, 10, 0, 0, 4, 9, 23
"/home/kaede-rei/ros2-workspace/arm-ws/src/tsid/cmake/.github/dependabot.yml", "YAML", 0, 0, 0, 0, 7, 0, 0, 0, 0, 0, 0, 0, 0, 0, 0, 0, 0, 1, 8
"/home/kaede-rei/ros2-workspace/arm-ws/src/tsid/cmake/.github/workflows/cmake.yml", "YAML", 0, 0, 0, 0, 23, 0, 0, 0, 0, 0, 0, 0, 0, 0, 0, 0, 0, 7, 30
"/home/kaede-rei/ros2-workspace/arm-ws/src/tsid/cmake/.github/workflows/nix.yml", "YAML", 0, 0, 0, 0, 23, 0, 0, 0, 0, 0, 0, 0, 0, 0, 0, 0, 0, 3, 26
"/home/kaede-rei/ros2-workspace/arm-ws/src/tsid/cmake/.github/workflows/rosdep.yml", "YAML", 0, 0, 0, 0, 20, 0, 0, 0, 0, 0, 0, 0, 0, 0, 0, 0, 1, 8, 29
"/home/kaede-rei/ros2-workspace/arm-ws/src/tsid/cmake/.github/workflows/update-flake-lock.yml", "YAML", 0, 0, 0, 0, 17, 0, 0, 0, 0, 0, 0, 0, 0, 0, 0, 0, 0, 3, 20
"/home/kaede-rei/ros2-workspace/arm-ws/src/tsid/cmake/.pre-commit-config.yaml", "YAML", 0, 0, 0, 0, 48, 0, 0, 0, 0, 0, 0, 0, 0, 0, 0, 0, 0, 1, 49
"/home/kaede-rei/ros2-workspace/arm-ws/src/tsid/cmake/CMakeLists.txt", "CMake", 0, 0, 0, 128, 0, 0, 0, 0, 0, 0, 0, 0, 0, 0, 0, 0, 0, 9, 137
"/home/kaede-rei/ros2-workspace/arm-ws/src/tsid/cmake/GNUInstallDirs.cmake", "CMake", 0, 0, 0, 331, 0, 0, 0, 0, 0, 0, 0, 0, 0, 0, 0, 0, 0, 49, 380
"/home/kaede-rei/ros2-workspace/arm-ws/src/tsid/cmake/README.md", "Markdown", 0, 25, 0, 0, 0, 0, 0, 0, 0, 0, 0, 0, 0, 0, 0, 0, 0, 18, 43
"/home/kaede-rei/ros2-workspace/arm-ws/src/tsid/cmake/_unittests/catkin/CMakeLists.txt", "CMake", 0, 0, 0, 23, 0, 0, 0, 0, 0, 0, 0, 0, 0, 0, 0, 0, 0, 7, 30
"/home/kaede-rei/ros2-workspace/arm-ws/src/tsid/cmake/_unittests/cpp/CMakeLists.txt", "CMake", 0, 0, 0, 25, 0, 0, 0, 0, 0, 0, 0, 0, 0, 0, 0, 0, 0, 9, 34
"/home/kaede-rei/ros2-workspace/arm-ws/src/tsid/cmake/_unittests/cpp/include/jrl_cmakemodule/lib.hh", "C++", 1, 0, 0, 0, 0, 0, 0, 0, 0, 0, 0, 0, 0, 0, 0, 0, 0, 1, 2
"/home/kaede-rei/ros2-workspace/arm-ws/src/tsid/cmake/_unittests/cpp/src/lib.cc", "C++", 5, 0, 0, 0, 0, 0, 0, 0, 0, 0, 0, 0, 0, 0, 0, 0, 0, 2, 7
"/home/kaede-rei/ros2-workspace/arm-ws/src/tsid/cmake/_unittests/cpp/src/main.cc", "C++", 6, 0, 0, 0, 0, 0, 0, 0, 0, 0, 0, 0, 0, 0, 0, 0, 0, 2, 8
"/home/kaede-rei/ros2-workspace/arm-ws/src/tsid/cmake/_unittests/dependency/CMakeLists.txt", "CMake", 0, 0, 0, 13, 0, 0, 0, 0, 0, 0, 0, 0, 0, 0, 0, 0, 0, 8, 21
"/home/kaede-rei/ros2-workspace/arm-ws/src/tsid/cmake/_unittests/macros.cmake", "CMake", 0, 0, 0, 10, 0, 0, 0, 0, 0, 0, 0, 0, 0, 0, 0, 0, 0, 2, 12
"/home/kaede-rei/ros2-workspace/arm-ws/src/tsid/cmake/_unittests/python/CMakeLists.txt", "CMake", 0, 0, 0, 14, 0, 0, 0, 0, 0, 0, 0, 0, 0, 0, 0, 0, 0, 7, 21
"/home/kaede-rei/ros2-workspace/arm-ws/src/tsid/cmake/_unittests/python/jrl_cmakemodule/python.py", "Python", 0, 0, 0, 0, 0, 0, 0, 0, 0, 0, 0, 0, 0, 0, 0, 0, 0, 1, 1
"/home/kaede-rei/ros2-workspace/arm-ws/src/tsid/cmake/_unittests/run_unit_tests.sh", "Shell Script", 0, 0, 0, 0, 0, 0, 0, 0, 0, 57, 0, 0, 0, 0, 0, 0, 9, 11, 77
"/home/kaede-rei/ros2-workspace/arm-ws/src/tsid/cmake/_unittests/test_pkg-config.cmake", "CMake", 0, 0, 0, 55, 0, 0, 0, 0, 0, 0, 0, 0, 0, 0, 0, 0, 0, 7, 62
"/home/kaede-rei/ros2-workspace/arm-ws/src/tsid/cmake/apple.cmake", "CMake", 0, 0, 0, 36, 0, 0, 0, 0, 0, 0, 0, 0, 0, 0, 0, 0, 0, 3, 39
"/home/kaede-rei/ros2-workspace/arm-ws/src/tsid/cmake/base.cmake", "CMake", 0, 0, 0, 417, 0, 0, 0, 0, 0, 0, 0, 0, 0, 0, 0, 0, 0, 29, 446
"/home/kaede-rei/ros2-workspace/arm-ws/src/tsid/cmake/boost.cmake", "CMake", 0, 0, 0, 253, 0, 0, 0, 0, 0, 0, 0, 0, 0, 0, 0, 0, 0, 23, 276
"/home/kaede-rei/ros2-workspace/arm-ws/src/tsid/cmake/boost/FindBoost.cmake", "CMake", 0, 0, 0, 2326, 0, 0, 0, 0, 0, 0, 0, 0, 0, 0, 0, 0, 0, 267, 2593
"/home/kaede-rei/ros2-workspace/arm-ws/src/tsid/cmake/catkin.cmake", "CMake", 0, 0, 0, 20, 0, 0, 0, 0, 0, 0, 0, 0, 0, 0, 0, 0, 0, 2, 22
"/home/kaede-rei/ros2-workspace/arm-ws/src/tsid/cmake/compiler.cmake", "CMake", 0, 0, 0, 149, 0, 0, 0, 0, 0, 0, 0, 0, 0, 0, 0, 0, 0, 21, 170
"/home/kaede-rei/ros2-workspace/arm-ws/src/tsid/cmake/config.h.cmake", "CMake", 0, 0, 0, 26, 0, 0, 0, 0, 0, 0, 0, 0, 0, 0, 0, 0, 0, 2, 28
"/home/kaede-rei/ros2-workspace/arm-ws/src/tsid/cmake/config.hh.cmake", "CMake", 0, 0, 0, 88, 0, 0, 0, 0, 0, 0, 0, 0, 0, 0, 0, 0, 0, 7, 95
"/home/kaede-rei/ros2-workspace/arm-ws/src/tsid/cmake/coverage.cmake", "CMake", 0, 0, 0, 56, 0, 0, 0, 0, 0, 0, 0, 0, 0, 0, 0, 0, 0, 6, 62
"/home/kaede-rei/ros2-workspace/arm-ws/src/tsid/cmake/cpack.cmake", "CMake", 0, 0, 0, 88, 0, 0, 0, 0, 0, 0, 0, 0, 0, 0, 0, 0, 0, 9, 97
"/home/kaede-rei/ros2-workspace/arm-ws/src/tsid/cmake/createshexe.cmake", "CMake", 0, 0, 0, 42, 0, 0, 0, 0, 0, 0, 0, 0, 0, 0, 0, 0, 0, 2, 44
"/home/kaede-rei/ros2-workspace/arm-ws/src/tsid/cmake/cxx-standard.cmake", "CMake", 0, 0, 0, 188, 0, 0, 0, 0, 0, 0, 0, 0, 0, 0, 0, 0, 0, 7, 195
"/home/kaede-rei/ros2-workspace/arm-ws/src/tsid/cmake/cxx11.cmake", "CMake", 0, 0, 0, 28, 0, 0, 0, 0, 0, 0, 0, 0, 0, 0, 0, 0, 0, 2, 30
"/home/kaede-rei/ros2-workspace/arm-ws/src/tsid/cmake/cython/cython.cmake", "CMake", 0, 0, 0, 951, 0, 0, 0, 0, 0, 0, 0, 0, 0, 0, 0, 0, 0, 14, 965
"/home/kaede-rei/ros2-workspace/arm-ws/src/tsid/cmake/cython/dummy.cpp", "C++", 0, 0, 0, 0, 0, 0, 0, 0, 0, 0, 0, 0, 0, 0, 0, 0, 0, 1, 1
"/home/kaede-rei/ros2-workspace/arm-ws/src/tsid/cmake/cython/python/FindPython.cmake", "CMake", 0, 0, 0, 180, 0, 0, 0, 0, 0, 0, 0, 0, 0, 0, 0, 0, 0, 45, 225
"/home/kaede-rei/ros2-workspace/arm-ws/src/tsid/cmake/cython/python/FindPython/Support.cmake", "CMake", 0, 0, 0, 1196, 0, 0, 0, 0, 0, 0, 0, 0, 0, 0, 0, 0, 0, 129, 1325
"/home/kaede-rei/ros2-workspace/arm-ws/src/tsid/cmake/cython/python/FindPython2.cmake", "CMake", 0, 0, 0, 148, 0, 0, 0, 0, 0, 0, 0, 0, 0, 0, 0, 0, 0, 42, 190
"/home/kaede-rei/ros2-workspace/arm-ws/src/tsid/cmake/cython/python/FindPython3.cmake", "CMake", 0, 0, 0, 148, 0, 0, 0, 0, 0, 0, 0, 0, 0, 0, 0, 0, 0, 42, 190
"/home/kaede-rei/ros2-workspace/arm-ws/src/tsid/cmake/cython/python/README.md", "Markdown", 0, 5, 0, 0, 0, 0, 0, 0, 0, 0, 0, 0, 0, 0, 0, 0, 0, 2, 7
"/home/kaede-rei/ros2-workspace/arm-ws/src/tsid/cmake/cython/setup.in.py", "Python", 0, 0, 146, 0, 0, 0, 0, 0, 0, 0, 0, 0, 0, 0, 0, 0, 6, 33, 185
"/home/kaede-rei/ros2-workspace/arm-ws/src/tsid/cmake/debian.cmake", "CMake", 0, 0, 0, 131, 0, 0, 0, 0, 0, 0, 0, 0, 0, 0, 0, 0, 0, 12, 143
"/home/kaede-rei/ros2-workspace/arm-ws/src/tsid/cmake/deprecated.hh.cmake", "CMake", 0, 0, 0, 52, 0, 0, 0, 0, 0, 0, 0, 0, 0, 0, 0, 0, 0, 5, 57
"/home/kaede-rei/ros2-workspace/arm-ws/src/tsid/cmake/dist.cmake", "CMake", 0, 0, 0, 165, 0, 0, 0, 0, 0, 0, 0, 0, 0, 0, 0, 0, 0, 11, 176
"/home/kaede-rei/ros2-workspace/arm-ws/src/tsid/cmake/distcheck.cmake", "CMake", 0, 0, 0, 163, 0, 0, 0, 0, 0, 0, 0, 0, 0, 0, 0, 0, 0, 7, 170
"/home/kaede-rei/ros2-workspace/arm-ws/src/tsid/cmake/doxygen.cmake", "CMake", 0, 0, 0, 786, 0, 0, 0, 0, 0, 0, 0, 0, 0, 0, 0, 0, 0, 33, 819
"/home/kaede-rei/ros2-workspace/arm-ws/src/tsid/cmake/doxygen/MathJax/.github/FUNDING.yml", "YAML", 0, 0, 0, 0, 2, 0, 0, 0, 0, 0, 0, 0, 0, 0, 0, 0, 0, 1, 3
"/home/kaede-rei/ros2-workspace/arm-ws/src/tsid/cmake/doxygen/MathJax/.github/ISSUE_TEMPLATE/bug_report.md", "Markdown", 0, 39, 0, 0, 0, 0, 0, 0, 0, 0, 0, 0, 0, 0, 0, 0, 0, 16, 55
"/home/kaede-rei/ros2-workspace/arm-ws/src/tsid/cmake/doxygen/MathJax/.github/ISSUE_TEMPLATE/feature_request.md", "Markdown", 0, 15, 0, 0, 0, 0, 0, 0, 0, 0, 0, 0, 0, 0, 0, 0, 0, 6, 21
"/home/kaede-rei/ros2-workspace/arm-ws/src/tsid/cmake/doxygen/MathJax/.travis.yml", "YAML", 0, 0, 0, 0, 17, 0, 0, 0, 0, 0, 0, 0, 0, 0, 0, 0, 0, 1, 18
"/home/kaede-rei/ros2-workspace/arm-ws/src/tsid/cmake/doxygen/MathJax/CONTRIBUTING.md", "Markdown", 0, 237, 0, 0, 0, 0, 0, 0, 0, 0, 0, 0, 0, 0, 0, 0, 0, 78, 315
"/home/kaede-rei/ros2-workspace/arm-ws/src/tsid/cmake/doxygen/MathJax/README.md", "Markdown", 0, 182, 0, 0, 0, 0, 0, 0, 0, 0, 0, 0, 0, 0, 0, 0, 0, 56, 238
"/home/kaede-rei/ros2-workspace/arm-ws/src/tsid/cmake/doxygen/MathJax/bower.json", "JSON", 0, 0, 0, 0, 0, 0, 11, 0, 0, 0, 0, 0, 0, 0, 0, 0, 0, 1, 12
"/home/kaede-rei/ros2-workspace/arm-ws/src/tsid/cmake/doxygen/MathJax/composer.json", "JSON", 0, 0, 0, 0, 0, 0, 14, 0, 0, 0, 0, 0, 0, 0, 0, 0, 0, 1, 15
"/home/kaede-rei/ros2-workspace/arm-ws/src/tsid/cmake/doxygen/MathJax/es5/a11y/assistive-mml.js", "JavaScript", 0, 0, 0, 0, 0, 0, 0, 0, 0, 0, 0, 0, 0, 0, 1, 0, 0, 0, 1
"/home/kaede-rei/ros2-workspace/arm-ws/src/tsid/cmake/doxygen/MathJax/es5/a11y/complexity.js", "JavaScript", 0, 0, 0, 0, 0, 0, 0, 0, 0, 0, 0, 0, 0, 0, 1, 0, 0, 0, 1
"/home/kaede-rei/ros2-workspace/arm-ws/src/tsid/cmake/doxygen/MathJax/es5/a11y/explorer.js", "JavaScript", 0, 0, 0, 0, 0, 0, 0, 0, 0, 0, 0, 0, 0, 0, 1, 0, 0, 0, 1
"/home/kaede-rei/ros2-workspace/arm-ws/src/tsid/cmake/doxygen/MathJax/es5/a11y/semantic-enrich.js", "JavaScript", 0, 0, 0, 0, 0, 0, 0, 0, 0, 0, 0, 0, 0, 0, 1, 0, 0, 0, 1
"/home/kaede-rei/ros2-workspace/arm-ws/src/tsid/cmake/doxygen/MathJax/es5/a11y/sre.js", "JavaScript", 0, 0, 0, 0, 0, 0, 0, 0, 0, 0, 0, 0, 0, 0, 1, 0, 0, 0, 1
"/home/kaede-rei/ros2-workspace/arm-ws/src/tsid/cmake/doxygen/MathJax/es5/adaptors/liteDOM.js", "JavaScript", 0, 0, 0, 0, 0, 0, 0, 0, 0, 0, 0, 0, 0, 0, 1, 0, 0, 0, 1
"/home/kaede-rei/ros2-workspace/arm-ws/src/tsid/cmake/doxygen/MathJax/es5/core.js", "JavaScript", 0, 0, 0, 0, 0, 0, 0, 0, 0, 0, 0, 0, 0, 0, 1, 0, 0, 0, 1
"/home/kaede-rei/ros2-workspace/arm-ws/src/tsid/cmake/doxygen/MathJax/es5/input/asciimath.js", "JavaScript", 0, 0, 0, 0, 0, 0, 0, 0, 0, 0, 0, 0, 0, 0, 1, 0, 0, 0, 1
"/home/kaede-rei/ros2-workspace/arm-ws/src/tsid/cmake/doxygen/MathJax/es5/input/mml.js", "JavaScript", 0, 0, 0, 0, 0, 0, 0, 0, 0, 0, 0, 0, 0, 0, 1, 0, 0, 0, 1
"/home/kaede-rei/ros2-workspace/arm-ws/src/tsid/cmake/doxygen/MathJax/es5/input/mml/entities.js", "JavaScript", 0, 0, 0, 0, 0, 0, 0, 0, 0, 0, 0, 0, 0, 0, 1, 0, 0, 0, 1
"/home/kaede-rei/ros2-workspace/arm-ws/src/tsid/cmake/doxygen/MathJax/es5/input/mml/extensions/mml3.js", "JavaScript", 0, 0, 0, 0, 0, 0, 0, 0, 0, 0, 0, 0, 0, 0, 1, 0, 0, 0, 1
"/home/kaede-rei/ros2-workspace/arm-ws/src/tsid/cmake/doxygen/MathJax/es5/input/mml/extensions/mml3.sef.json", "JSON", 0, 0, 0, 0, 0, 0, 1, 0, 0, 0, 0, 0, 0, 0, 0, 0, 0, 0, 1
"/home/kaede-rei/ros2-workspace/arm-ws/src/tsid/cmake/doxygen/MathJax/es5/input/tex-base.js", "JavaScript", 0, 0, 0, 0, 0, 0, 0, 0, 0, 0, 0, 0, 0, 0, 1, 0, 0, 0, 1
"/home/kaede-rei/ros2-workspace/arm-ws/src/tsid/cmake/doxygen/MathJax/es5/input/tex-full.js", "JavaScript", 0, 0, 0, 0, 0, 0, 0, 0, 0, 0, 0, 0, 0, 0, 2, 0, 32, 0, 34
"/home/kaede-rei/ros2-workspace/arm-ws/src/tsid/cmake/doxygen/MathJax/es5/input/tex.js", "JavaScript", 0, 0, 0, 0, 0, 0, 0, 0, 0, 0, 0, 0, 0, 0, 1, 0, 0, 0, 1
"/home/kaede-rei/ros2-workspace/arm-ws/src/tsid/cmake/doxygen/MathJax/es5/input/tex/extensions/action.js", "JavaScript", 0, 0, 0, 0, 0, 0, 0, 0, 0, 0, 0, 0, 0, 0, 1, 0, 0, 0, 1
"/home/kaede-rei/ros2-workspace/arm-ws/src/tsid/cmake/doxygen/MathJax/es5/input/tex/extensions/all-packages.js", "JavaScript", 0, 0, 0, 0, 0, 0, 0, 0, 0, 0, 0, 0, 0, 0, 2, 0, 32, 0, 34
"/home/kaede-rei/ros2-workspace/arm-ws/src/tsid/cmake/doxygen/MathJax/es5/input/tex/extensions/ams.js", "JavaScript", 0, 0, 0, 0, 0, 0, 0, 0, 0, 0, 0, 0, 0, 0, 1, 0, 0, 0, 1
"/home/kaede-rei/ros2-workspace/arm-ws/src/tsid/cmake/doxygen/MathJax/es5/input/tex/extensions/amscd.js", "JavaScript", 0, 0, 0, 0, 0, 0, 0, 0, 0, 0, 0, 0, 0, 0, 1, 0, 0, 0, 1
"/home/kaede-rei/ros2-workspace/arm-ws/src/tsid/cmake/doxygen/MathJax/es5/input/tex/extensions/autoload.js", "JavaScript", 0, 0, 0, 0, 0, 0, 0, 0, 0, 0, 0, 0, 0, 0, 1, 0, 0, 0, 1
"/home/kaede-rei/ros2-workspace/arm-ws/src/tsid/cmake/doxygen/MathJax/es5/input/tex/extensions/bbox.js", "JavaScript", 0, 0, 0, 0, 0, 0, 0, 0, 0, 0, 0, 0, 0, 0, 1, 0, 0, 0, 1
"/home/kaede-rei/ros2-workspace/arm-ws/src/tsid/cmake/doxygen/MathJax/es5/input/tex/extensions/boldsymbol.js", "JavaScript", 0, 0, 0, 0, 0, 0, 0, 0, 0, 0, 0, 0, 0, 0, 1, 0, 0, 0, 1
"/home/kaede-rei/ros2-workspace/arm-ws/src/tsid/cmake/doxygen/MathJax/es5/input/tex/extensions/braket.js", "JavaScript", 0, 0, 0, 0, 0, 0, 0, 0, 0, 0, 0, 0, 0, 0, 1, 0, 0, 0, 1
"/home/kaede-rei/ros2-workspace/arm-ws/src/tsid/cmake/doxygen/MathJax/es5/input/tex/extensions/bussproofs.js", "JavaScript", 0, 0, 0, 0, 0, 0, 0, 0, 0, 0, 0, 0, 0, 0, 1, 0, 0, 0, 1
"/home/kaede-rei/ros2-workspace/arm-ws/src/tsid/cmake/doxygen/MathJax/es5/input/tex/extensions/cancel.js", "JavaScript", 0, 0, 0, 0, 0, 0, 0, 0, 0, 0, 0, 0, 0, 0, 1, 0, 0, 0, 1
"/home/kaede-rei/ros2-workspace/arm-ws/src/tsid/cmake/doxygen/MathJax/es5/input/tex/extensions/cases.js", "JavaScript", 0, 0, 0, 0, 0, 0, 0, 0, 0, 0, 0, 0, 0, 0, 1, 0, 0, 0, 1
"/home/kaede-rei/ros2-workspace/arm-ws/src/tsid/cmake/doxygen/MathJax/es5/input/tex/extensions/centernot.js", "JavaScript", 0, 0, 0, 0, 0, 0, 0, 0, 0, 0, 0, 0, 0, 0, 1, 0, 0, 0, 1
"/home/kaede-rei/ros2-workspace/arm-ws/src/tsid/cmake/doxygen/MathJax/es5/input/tex/extensions/color.js", "JavaScript", 0, 0, 0, 0, 0, 0, 0, 0, 0, 0, 0, 0, 0, 0, 1, 0, 0, 0, 1
"/home/kaede-rei/ros2-workspace/arm-ws/src/tsid/cmake/doxygen/MathJax/es5/input/tex/extensions/colortbl.js", "JavaScript", 0, 0, 0, 0, 0, 0, 0, 0, 0, 0, 0, 0, 0, 0, 1, 0, 0, 0, 1
"/home/kaede-rei/ros2-workspace/arm-ws/src/tsid/cmake/doxygen/MathJax/es5/input/tex/extensions/colorv2.js", "JavaScript", 0, 0, 0, 0, 0, 0, 0, 0, 0, 0, 0, 0, 0, 0, 1, 0, 0, 0, 1
"/home/kaede-rei/ros2-workspace/arm-ws/src/tsid/cmake/doxygen/MathJax/es5/input/tex/extensions/configmacros.js", "JavaScript", 0, 0, 0, 0, 0, 0, 0, 0, 0, 0, 0, 0, 0, 0, 1, 0, 0, 0, 1
"/home/kaede-rei/ros2-workspace/arm-ws/src/tsid/cmake/doxygen/MathJax/es5/input/tex/extensions/empheq.js", "JavaScript", 0, 0, 0, 0, 0, 0, 0, 0, 0, 0, 0, 0, 0, 0, 1, 0, 0, 0, 1
"/home/kaede-rei/ros2-workspace/arm-ws/src/tsid/cmake/doxygen/MathJax/es5/input/tex/extensions/enclose.js", "JavaScript", 0, 0, 0, 0, 0, 0, 0, 0, 0, 0, 0, 0, 0, 0, 1, 0, 0, 0, 1
"/home/kaede-rei/ros2-workspace/arm-ws/src/tsid/cmake/doxygen/MathJax/es5/input/tex/extensions/extpfeil.js", "JavaScript", 0, 0, 0, 0, 0, 0, 0, 0, 0, 0, 0, 0, 0, 0, 1, 0, 0, 0, 1
"/home/kaede-rei/ros2-workspace/arm-ws/src/tsid/cmake/doxygen/MathJax/es5/input/tex/extensions/gensymb.js", "JavaScript", 0, 0, 0, 0, 0, 0, 0, 0, 0, 0, 0, 0, 0, 0, 1, 0, 0, 0, 1
"/home/kaede-rei/ros2-workspace/arm-ws/src/tsid/cmake/doxygen/MathJax/es5/input/tex/extensions/html.js", "JavaScript", 0, 0, 0, 0, 0, 0, 0, 0, 0, 0, 0, 0, 0, 0, 1, 0, 0, 0, 1
"/home/kaede-rei/ros2-workspace/arm-ws/src/tsid/cmake/doxygen/MathJax/es5/input/tex/extensions/mathtools.js", "JavaScript", 0, 0, 0, 0, 0, 0, 0, 0, 0, 0, 0, 0, 0, 0, 1, 0, 0, 0, 1
"/home/kaede-rei/ros2-workspace/arm-ws/src/tsid/cmake/doxygen/MathJax/es5/input/tex/extensions/mhchem.js", "JavaScript", 0, 0, 0, 0, 0, 0, 0, 0, 0, 0, 0, 0, 0, 0, 2, 0, 32, 0, 34
"/home/kaede-rei/ros2-workspace/arm-ws/src/tsid/cmake/doxygen/MathJax/es5/input/tex/extensions/newcommand.js", "JavaScript", 0, 0, 0, 0, 0, 0, 0, 0, 0, 0, 0, 0, 0, 0, 1, 0, 0, 0, 1
"/home/kaede-rei/ros2-workspace/arm-ws/src/tsid/cmake/doxygen/MathJax/es5/input/tex/extensions/noerrors.js", "JavaScript", 0, 0, 0, 0, 0, 0, 0, 0, 0, 0, 0, 0, 0, 0, 1, 0, 0, 0, 1
"/home/kaede-rei/ros2-workspace/arm-ws/src/tsid/cmake/doxygen/MathJax/es5/input/tex/extensions/noundefined.js", "JavaScript", 0, 0, 0, 0, 0, 0, 0, 0, 0, 0, 0, 0, 0, 0, 1, 0, 0, 0, 1
"/home/kaede-rei/ros2-workspace/arm-ws/src/tsid/cmake/doxygen/MathJax/es5/input/tex/extensions/physics.js", "JavaScript", 0, 0, 0, 0, 0, 0, 0, 0, 0, 0, 0, 0, 0, 0, 1, 0, 0, 0, 1
"/home/kaede-rei/ros2-workspace/arm-ws/src/tsid/cmake/doxygen/MathJax/es5/input/tex/extensions/require.js", "JavaScript", 0, 0, 0, 0, 0, 0, 0, 0, 0, 0, 0, 0, 0, 0, 1, 0, 0, 0, 1
"/home/kaede-rei/ros2-workspace/arm-ws/src/tsid/cmake/doxygen/MathJax/es5/input/tex/extensions/setoptions.js", "JavaScript", 0, 0, 0, 0, 0, 0, 0, 0, 0, 0, 0, 0, 0, 0, 1, 0, 0, 0, 1
"/home/kaede-rei/ros2-workspace/arm-ws/src/tsid/cmake/doxygen/MathJax/es5/input/tex/extensions/tagformat.js", "JavaScript", 0, 0, 0, 0, 0, 0, 0, 0, 0, 0, 0, 0, 0, 0, 1, 0, 0, 0, 1
"/home/kaede-rei/ros2-workspace/arm-ws/src/tsid/cmake/doxygen/MathJax/es5/input/tex/extensions/textcomp.js", "JavaScript", 0, 0, 0, 0, 0, 0, 0, 0, 0, 0, 0, 0, 0, 0, 1, 0, 0, 0, 1
"/home/kaede-rei/ros2-workspace/arm-ws/src/tsid/cmake/doxygen/MathJax/es5/input/tex/extensions/textmacros.js", "JavaScript", 0, 0, 0, 0, 0, 0, 0, 0, 0, 0, 0, 0, 0, 0, 1, 0, 0, 0, 1
"/home/kaede-rei/ros2-workspace/arm-ws/src/tsid/cmake/doxygen/MathJax/es5/input/tex/extensions/unicode.js", "JavaScript", 0, 0, 0, 0, 0, 0, 0, 0, 0, 0, 0, 0, 0, 0, 1, 0, 0, 0, 1
"/home/kaede-rei/ros2-workspace/arm-ws/src/tsid/cmake/doxygen/MathJax/es5/input/tex/extensions/upgreek.js", "JavaScript", 0, 0, 0, 0, 0, 0, 0, 0, 0, 0, 0, 0, 0, 0, 1, 0, 0, 0, 1
"/home/kaede-rei/ros2-workspace/arm-ws/src/tsid/cmake/doxygen/MathJax/es5/input/tex/extensions/verb.js", "JavaScript", 0, 0, 0, 0, 0, 0, 0, 0, 0, 0, 0, 0, 0, 0, 1, 0, 0, 0, 1
"/home/kaede-rei/ros2-workspace/arm-ws/src/tsid/cmake/doxygen/MathJax/es5/latest.js", "JavaScript", 0, 0, 0, 0, 0, 0, 0, 0, 0, 0, 0, 0, 0, 0, 1, 0, 0, 0, 1
"/home/kaede-rei/ros2-workspace/arm-ws/src/tsid/cmake/doxygen/MathJax/es5/loader.js", "JavaScript", 0, 0, 0, 0, 0, 0, 0, 0, 0, 0, 0, 0, 0, 0, 1, 0, 0, 0, 1
"/home/kaede-rei/ros2-workspace/arm-ws/src/tsid/cmake/doxygen/MathJax/es5/mml-chtml.js", "JavaScript", 0, 0, 0, 0, 0, 0, 0, 0, 0, 0, 0, 0, 0, 0, 1, 0, 0, 0, 1
"/home/kaede-rei/ros2-workspace/arm-ws/src/tsid/cmake/doxygen/MathJax/es5/mml-svg.js", "JavaScript", 0, 0, 0, 0, 0, 0, 0, 0, 0, 0, 0, 0, 0, 0, 1, 0, 0, 0, 1
"/home/kaede-rei/ros2-workspace/arm-ws/src/tsid/cmake/doxygen/MathJax/es5/node-main.js", "JavaScript", 0, 0, 0, 0, 0, 0, 0, 0, 0, 0, 0, 0, 0, 0, 1, 0, 0, 0, 1
"/home/kaede-rei/ros2-workspace/arm-ws/src/tsid/cmake/doxygen/MathJax/es5/output/chtml.js", "JavaScript", 0, 0, 0, 0, 0, 0, 0, 0, 0, 0, 0, 0, 0, 0, 1, 0, 0, 0, 1
"/home/kaede-rei/ros2-workspace/arm-ws/src/tsid/cmake/doxygen/MathJax/es5/output/chtml/fonts/tex.js", "JavaScript", 0, 0, 0, 0, 0, 0, 0, 0, 0, 0, 0, 0, 0, 0, 1, 0, 0, 0, 1
"/home/kaede-rei/ros2-workspace/arm-ws/src/tsid/cmake/doxygen/MathJax/es5/output/svg.js", "JavaScript", 0, 0, 0, 0, 0, 0, 0, 0, 0, 0, 0, 0, 0, 0, 1, 0, 0, 0, 1
"/home/kaede-rei/ros2-workspace/arm-ws/src/tsid/cmake/doxygen/MathJax/es5/output/svg/fonts/tex.js", "JavaScript", 0, 0, 0, 0, 0, 0, 0, 0, 0, 0, 0, 0, 0, 0, 1, 0, 0, 0, 1
"/home/kaede-rei/ros2-workspace/arm-ws/src/tsid/cmake/doxygen/MathJax/es5/sre/mathmaps/base.json", "JSON", 0, 0, 0, 0, 0, 0, 28, 0, 0, 0, 0, 0, 0, 0, 0, 0, 0, 2, 30
"/home/kaede-rei/ros2-workspace/arm-ws/src/tsid/cmake/doxygen/MathJax/es5/sre/mathmaps/ca.json", "JSON", 0, 0, 0, 0, 0, 0, 139, 0, 0, 0, 0, 0, 0, 0, 0, 0, 0, 2, 141
"/home/kaede-rei/ros2-workspace/arm-ws/src/tsid/cmake/doxygen/MathJax/es5/sre/mathmaps/da.json", "JSON", 0, 0, 0, 0, 0, 0, 139, 0, 0, 0, 0, 0, 0, 0, 0, 0, 0, 2, 141
"/home/kaede-rei/ros2-workspace/arm-ws/src/tsid/cmake/doxygen/MathJax/es5/sre/mathmaps/de.json", "JSON", 0, 0, 0, 0, 0, 0, 145, 0, 0, 0, 0, 0, 0, 0, 0, 0, 0, 2, 147
"/home/kaede-rei/ros2-workspace/arm-ws/src/tsid/cmake/doxygen/MathJax/es5/sre/mathmaps/en.json", "JSON", 0, 0, 0, 0, 0, 0, 157, 0, 0, 0, 0, 0, 0, 0, 0, 0, 0, 2, 159
"/home/kaede-rei/ros2-workspace/arm-ws/src/tsid/cmake/doxygen/MathJax/es5/sre/mathmaps/es.json", "JSON", 0, 0, 0, 0, 0, 0, 139, 0, 0, 0, 0, 0, 0, 0, 0, 0, 0, 2, 141
"/home/kaede-rei/ros2-workspace/arm-ws/src/tsid/cmake/doxygen/MathJax/es5/sre/mathmaps/fr.json", "JSON", 0, 0, 0, 0, 0, 0, 145, 0, 0, 0, 0, 0, 0, 0, 0, 0, 0, 2, 147
"/home/kaede-rei/ros2-workspace/arm-ws/src/tsid/cmake/doxygen/MathJax/es5/sre/mathmaps/hi.json", "JSON", 0, 0, 0, 0, 0, 0, 145, 0, 0, 0, 0, 0, 0, 0, 0, 0, 0, 2, 147
"/home/kaede-rei/ros2-workspace/arm-ws/src/tsid/cmake/doxygen/MathJax/es5/sre/mathmaps/it.json", "JSON", 0, 0, 0, 0, 0, 0, 145, 0, 0, 0, 0, 0, 0, 0, 0, 0, 0, 2, 147
"/home/kaede-rei/ros2-workspace/arm-ws/src/tsid/cmake/doxygen/MathJax/es5/sre/mathmaps/nb.json", "JSON", 0, 0, 0, 0, 0, 0, 145, 0, 0, 0, 0, 0, 0, 0, 0, 0, 0, 2, 147
"/home/kaede-rei/ros2-workspace/arm-ws/src/tsid/cmake/doxygen/MathJax/es5/sre/mathmaps/nemeth.json", "JSON", 0, 0, 0, 0, 0, 0, 124, 0, 0, 0, 0, 0, 0, 0, 0, 0, 0, 2, 126
"/home/kaede-rei/ros2-workspace/arm-ws/src/tsid/cmake/doxygen/MathJax/es5/sre/mathmaps/nn.json", "JSON", 0, 0, 0, 0, 0, 0, 145, 0, 0, 0, 0, 0, 0, 0, 0, 0, 0, 2, 147
"/home/kaede-rei/ros2-workspace/arm-ws/src/tsid/cmake/doxygen/MathJax/es5/sre/mathmaps/sv.json", "JSON", 0, 0, 0, 0, 0, 0, 145, 0, 0, 0, 0, 0, 0, 0, 0, 0, 0, 2, 147
"/home/kaede-rei/ros2-workspace/arm-ws/src/tsid/cmake/doxygen/MathJax/es5/startup.js", "JavaScript", 0, 0, 0, 0, 0, 0, 0, 0, 0, 0, 0, 0, 0, 0, 1, 0, 0, 0, 1
"/home/kaede-rei/ros2-workspace/arm-ws/src/tsid/cmake/doxygen/MathJax/es5/tex-chtml-full-speech.js", "JavaScript", 0, 0, 0, 0, 0, 0, 0, 0, 0, 0, 0, 0, 0, 0, 2, 0, 32, 0, 34
"/home/kaede-rei/ros2-workspace/arm-ws/src/tsid/cmake/doxygen/MathJax/es5/tex-chtml-full.js", "JavaScript", 0, 0, 0, 0, 0, 0, 0, 0, 0, 0, 0, 0, 0, 0, 2, 0, 32, 0, 34
"/home/kaede-rei/ros2-workspace/arm-ws/src/tsid/cmake/doxygen/MathJax/es5/tex-chtml.js", "JavaScript", 0, 0, 0, 0, 0, 0, 0, 0, 0, 0, 0, 0, 0, 0, 1, 0, 0, 0, 1
"/home/kaede-rei/ros2-workspace/arm-ws/src/tsid/cmake/doxygen/MathJax/es5/tex-mml-chtml.js", "JavaScript", 0, 0, 0, 0, 0, 0, 0, 0, 0, 0, 0, 0, 0, 0, 1, 0, 0, 0, 1
"/home/kaede-rei/ros2-workspace/arm-ws/src/tsid/cmake/doxygen/MathJax/es5/tex-mml-svg.js", "JavaScript", 0, 0, 0, 0, 0, 0, 0, 0, 0, 0, 0, 0, 0, 0, 1, 0, 0, 0, 1
"/home/kaede-rei/ros2-workspace/arm-ws/src/tsid/cmake/doxygen/MathJax/es5/tex-svg-full.js", "JavaScript", 0, 0, 0, 0, 0, 0, 0, 0, 0, 0, 0, 0, 0, 0, 2, 0, 32, 0, 34
"/home/kaede-rei/ros2-workspace/arm-ws/src/tsid/cmake/doxygen/MathJax/es5/tex-svg.js", "JavaScript", 0, 0, 0, 0, 0, 0, 0, 0, 0, 0, 0, 0, 0, 0, 1, 0, 0, 0, 1
"/home/kaede-rei/ros2-workspace/arm-ws/src/tsid/cmake/doxygen/MathJax/es5/ui/lazy.js", "JavaScript", 0, 0, 0, 0, 0, 0, 0, 0, 0, 0, 0, 0, 0, 0, 1, 0, 0, 0, 1
"/home/kaede-rei/ros2-workspace/arm-ws/src/tsid/cmake/doxygen/MathJax/es5/ui/menu.js", "JavaScript", 0, 0, 0, 0, 0, 0, 0, 0, 0, 0, 0, 0, 0, 0, 1, 0, 0, 0, 1
"/home/kaede-rei/ros2-workspace/arm-ws/src/tsid/cmake/doxygen/MathJax/es5/ui/safe.js", "JavaScript", 0, 0, 0, 0, 0, 0, 0, 0, 0, 0, 0, 0, 0, 0, 1, 0, 0, 0, 1
"/home/kaede-rei/ros2-workspace/arm-ws/src/tsid/cmake/doxygen/MathJax/package.json", "JSON", 0, 0, 0, 0, 0, 0, 59, 0, 0, 0, 0, 0, 0, 0, 0, 0, 0, 1, 60
"/home/kaede-rei/ros2-workspace/arm-ws/src/tsid/cmake/doxygen/header.tex", "LaTeX", 0, 0, 0, 0, 0, 53, 0, 0, 0, 0, 0, 0, 0, 0, 0, 0, 0, 1, 54
"/home/kaede-rei/ros2-workspace/arm-ws/src/tsid/cmake/doxygen/style.tex", "LaTeX", 0, 0, 0, 0, 0, 96, 0, 0, 0, 0, 0, 0, 0, 0, 0, 0, 0, 1, 97
"/home/kaede-rei/ros2-workspace/arm-ws/src/tsid/cmake/doxygen/tabs.css", "PostCSS", 0, 0, 0, 0, 0, 0, 0, 0, 0, 0, 52, 0, 0, 0, 0, 0, 0, 8, 60
"/home/kaede-rei/ros2-workspace/arm-ws/src/tsid/cmake/dynamic_graph/submodule/__init__.py.cmake", "CMake", 0, 0, 0, 17, 0, 0, 0, 0, 0, 0, 0, 0, 0, 0, 0, 0, 0, 2, 19
"/home/kaede-rei/ros2-workspace/arm-ws/src/tsid/cmake/eigen.cmake", "CMake", 0, 0, 0, 60, 0, 0, 0, 0, 0, 0, 0, 0, 0, 0, 0, 0, 0, 5, 65
"/home/kaede-rei/ros2-workspace/arm-ws/src/tsid/cmake/find-external/Accelerate/FindAccelerate.cmake", "CMake", 0, 0, 0, 30, 0, 0, 0, 0, 0, 0, 0, 0, 0, 0, 0, 0, 0, 9, 39
"/home/kaede-rei/ros2-workspace/arm-ws/src/tsid/cmake/find-external/CDD/FindCDD.cmake", "CMake", 0, 0, 0, 51, 0, 0, 0, 0, 0, 0, 0, 0, 0, 0, 0, 0, 0, 6, 57
"/home/kaede-rei/ros2-workspace/arm-ws/src/tsid/cmake/find-external/CHOLMOD/FindCHOLMOD.cmake", "CMake", 0, 0, 0, 129, 0, 0, 0, 0, 0, 0, 0, 0, 0, 0, 0, 0, 0, 15, 144
"/home/kaede-rei/ros2-workspace/arm-ws/src/tsid/cmake/find-external/CLP/FindCLP.cmake", "CMake", 0, 0, 0, 46, 0, 0, 0, 0, 0, 0, 0, 0, 0, 0, 0, 0, 0, 6, 52
"/home/kaede-rei/ros2-workspace/arm-ws/src/tsid/cmake/find-external/CoinUtils/FindCoinUtils.cmake", "CMake", 0, 0, 0, 61, 0, 0, 0, 0, 0, 0, 0, 0, 0, 0, 0, 0, 0, 6, 67
"/home/kaede-rei/ros2-workspace/arm-ws/src/tsid/cmake/find-external/CppAD/Findcppad.cmake", "CMake", 0, 0, 0, 44, 0, 0, 0, 0, 0, 0, 0, 0, 0, 0, 0, 0, 0, 5, 49
"/home/kaede-rei/ros2-workspace/arm-ws/src/tsid/cmake/find-external/CppAD/Findcppadcg.cmake", "CMake", 0, 0, 0, 39, 0, 0, 0, 0, 0, 0, 0, 0, 0, 0, 0, 0, 0, 5, 44
"/home/kaede-rei/ros2-workspace/arm-ws/src/tsid/cmake/find-external/FFmpeg/FindFFmpeg.cmake", "CMake", 0, 0, 0, 67, 0, 0, 0, 0, 0, 0, 0, 0, 0, 0, 0, 0, 0, 9, 76
"/home/kaede-rei/ros2-workspace/arm-ws/src/tsid/cmake/find-external/GMP/FindGMP.cmake", "CMake", 0, 0, 0, 31, 0, 0, 0, 0, 0, 0, 0, 0, 0, 0, 0, 0, 0, 7, 38
"/home/kaede-rei/ros2-workspace/arm-ws/src/tsid/cmake/find-external/Ipopt/FindIpopt.cmake", "CMake", 0, 0, 0, 56, 0, 0, 0, 0, 0, 0, 0, 0, 0, 0, 0, 0, 0, 6, 62
"/home/kaede-rei/ros2-workspace/arm-ws/src/tsid/cmake/find-external/Julia/FindJulia.cmake", "CMake", 0, 0, 0, 177, 0, 0, 0, 0, 0, 0, 0, 0, 0, 0, 0, 0, 0, 35, 212
"/home/kaede-rei/ros2-workspace/arm-ws/src/tsid/cmake/find-external/MPFR/FindMPFR.cmake", "CMake", 0, 0, 0, 105, 0, 0, 0, 0, 0, 0, 0, 0, 0, 0, 0, 0, 0, 18, 123
"/home/kaede-rei/ros2-workspace/arm-ws/src/tsid/cmake/find-external/OpenMP/FindOpenMP.cmake", "CMake", 0, 0, 0, 842, 0, 0, 0, 0, 0, 0, 0, 0, 0, 0, 0, 0, 0, 69, 911
"/home/kaede-rei/ros2-workspace/arm-ws/src/tsid/cmake/find-external/OpenRTM/FindOpenRTM.cmake", "CMake", 0, 0, 0, 188, 0, 0, 0, 0, 0, 0, 0, 0, 0, 0, 0, 0, 0, 19, 207
"/home/kaede-rei/ros2-workspace/arm-ws/src/tsid/cmake/find-external/Qhull/FindQhull.cmake", "CMake", 0, 0, 0, 237, 0, 0, 0, 0, 0, 0, 0, 0, 0, 0, 0, 0, 0, 18, 255
"/home/kaede-rei/ros2-workspace/arm-ws/src/tsid/cmake/find-external/Simde/FindSimde.cmake", "CMake", 0, 0, 0, 39, 0, 0, 0, 0, 0, 0, 0, 0, 0, 0, 0, 0, 0, 7, 46
"/home/kaede-rei/ros2-workspace/arm-ws/src/tsid/cmake/find-external/TinyXML/FindTinyXML.cmake", "CMake", 0, 0, 0, 39, 0, 0, 0, 0, 0, 0, 0, 0, 0, 0, 0, 0, 0, 5, 44
"/home/kaede-rei/ros2-workspace/arm-ws/src/tsid/cmake/find-external/TinyXML/FindTinyXML2.cmake", "CMake", 0, 0, 0, 102, 0, 0, 0, 0, 0, 0, 0, 0, 0, 0, 0, 0, 0, 9, 111
"/home/kaede-rei/ros2-workspace/arm-ws/src/tsid/cmake/find-external/assimp/Findassimp.cmake", "CMake", 0, 0, 0, 136, 0, 0, 0, 0, 0, 0, 0, 0, 0, 0, 0, 0, 0, 15, 151
"/home/kaede-rei/ros2-workspace/arm-ws/src/tsid/cmake/find-external/glpk/Findglpk.cmake", "CMake", 0, 0, 0, 54, 0, 0, 0, 0, 0, 0, 0, 0, 0, 0, 0, 0, 0, 6, 60
"/home/kaede-rei/ros2-workspace/arm-ws/src/tsid/cmake/find-external/qpOASES/FindqpOASES.cmake", "CMake", 0, 0, 0, 66, 0, 0, 0, 0, 0, 0, 0, 0, 0, 0, 0, 0, 0, 6, 72
"/home/kaede-rei/ros2-workspace/arm-ws/src/tsid/cmake/fix-license.sh", "Shell Script", 0, 0, 0, 0, 0, 0, 0, 0, 0, 12, 0, 0, 0, 0, 0, 0, 21, 5, 38
"/home/kaede-rei/ros2-workspace/arm-ws/src/tsid/cmake/geometric-tools.cmake", "CMake", 0, 0, 0, 82, 0, 0, 0, 0, 0, 0, 0, 0, 0, 0, 0, 0, 0, 7, 89
"/home/kaede-rei/ros2-workspace/arm-ws/src/tsid/cmake/git-archive-all.py", "Python", 0, 0, 332, 0, 0, 0, 0, 0, 0, 0, 0, 0, 0, 0, 0, 0, 189, 83, 604
"/home/kaede-rei/ros2-workspace/arm-ws/src/tsid/cmake/git-archive-all.sh", "Shell Script", 0, 0, 0, 0, 0, 0, 0, 0, 0, 181, 0, 0, 0, 0, 0, 0, 57, 29, 267
"/home/kaede-rei/ros2-workspace/arm-ws/src/tsid/cmake/github/update-doxygen-doc.sh", "Shell Script", 0, 0, 0, 0, 0, 0, 0, 0, 0, 221, 0, 0, 0, 0, 0, 0, 90, 46, 357
"/home/kaede-rei/ros2-workspace/arm-ws/src/tsid/cmake/gtest.cmake", "CMake", 0, 0, 0, 65, 0, 0, 0, 0, 0, 0, 0, 0, 0, 0, 0, 0, 0, 6, 71
"/home/kaede-rei/ros2-workspace/arm-ws/src/tsid/cmake/header.cmake", "CMake", 0, 0, 0, 299, 0, 0, 0, 0, 0, 0, 0, 0, 0, 0, 0, 0, 0, 30, 329
"/home/kaede-rei/ros2-workspace/arm-ws/src/tsid/cmake/hpp.cmake", "CMake", 0, 0, 0, 59, 0, 0, 0, 0, 0, 0, 0, 0, 0, 0, 0, 0, 0, 18, 77
"/home/kaede-rei/ros2-workspace/arm-ws/src/tsid/cmake/hpp/doc.cmake", "CMake", 0, 0, 0, 28, 0, 0, 0, 0, 0, 0, 0, 0, 0, 0, 0, 0, 0, 2, 30
"/home/kaede-rei/ros2-workspace/arm-ws/src/tsid/cmake/hpp/doc/layout.xml", "XML", 0, 0, 0, 0, 0, 0, 0, 0, 0, 0, 0, 183, 0, 0, 0, 0, 7, 6, 196
"/home/kaede-rei/ros2-workspace/arm-ws/src/tsid/cmake/hpp/idl/omniidl_be_python_with_docstring.py", "Python", 0, 0, 98, 0, 0, 0, 0, 0, 0, 0, 0, 0, 0, 0, 0, 0, 29, 18, 145
"/home/kaede-rei/ros2-workspace/arm-ws/src/tsid/cmake/ide.cmake", "CMake", 0, 0, 0, 89, 0, 0, 0, 0, 0, 0, 0, 0, 0, 0, 0, 0, 0, 10, 99
"/home/kaede-rei/ros2-workspace/arm-ws/src/tsid/cmake/idl.cmake", "CMake", 0, 0, 0, 215, 0, 0, 0, 0, 0, 0, 0, 0, 0, 0, 0, 0, 0, 16, 231
"/home/kaede-rei/ros2-workspace/arm-ws/src/tsid/cmake/idlrtc.cmake", "CMake", 0, 0, 0, 79, 0, 0, 0, 0, 0, 0, 0, 0, 0, 0, 0, 0, 0, 9, 88
"/home/kaede-rei/ros2-workspace/arm-ws/src/tsid/cmake/image/visp.cmake", "CMake", 0, 0, 0, 54, 0, 0, 0, 0, 0, 0, 0, 0, 0, 0, 0, 0, 0, 2, 56
"/home/kaede-rei/ros2-workspace/arm-ws/src/tsid/cmake/install-data.cmake", "CMake", 0, 0, 0, 28, 0, 0, 0, 0, 0, 0, 0, 0, 0, 0, 0, 0, 0, 2, 30
"/home/kaede-rei/ros2-workspace/arm-ws/src/tsid/cmake/install-helpers.cmake", "CMake", 0, 0, 0, 47, 0, 0, 0, 0, 0, 0, 0, 0, 0, 0, 0, 0, 0, 3, 50
"/home/kaede-rei/ros2-workspace/arm-ws/src/tsid/cmake/julia.cmake", "CMake", 0, 0, 0, 25, 0, 0, 0, 0, 0, 0, 0, 0, 0, 0, 0, 0, 0, 1, 26
"/home/kaede-rei/ros2-workspace/arm-ws/src/tsid/cmake/kineo.cmake", "CMake", 0, 0, 0, 93, 0, 0, 0, 0, 0, 0, 0, 0, 0, 0, 0, 0, 0, 4, 97
"/home/kaede-rei/ros2-workspace/arm-ws/src/tsid/cmake/lapack.cmake", "CMake", 0, 0, 0, 54, 0, 0, 0, 0, 0, 0, 0, 0, 0, 0, 0, 0, 0, 7, 61
"/home/kaede-rei/ros2-workspace/arm-ws/src/tsid/cmake/logging.cmake", "CMake", 0, 0, 0, 208, 0, 0, 0, 0, 0, 0, 0, 0, 0, 0, 0, 0, 0, 19, 227
"/home/kaede-rei/ros2-workspace/arm-ws/src/tsid/cmake/man.cmake", "CMake", 0, 0, 0, 53, 0, 0, 0, 0, 0, 0, 0, 0, 0, 0, 0, 0, 0, 9, 62
"/home/kaede-rei/ros2-workspace/arm-ws/src/tsid/cmake/metapodfromurdf.cmake", "CMake", 0, 0, 0, 36, 0, 0, 0, 0, 0, 0, 0, 0, 0, 0, 0, 0, 0, 3, 39
"/home/kaede-rei/ros2-workspace/arm-ws/src/tsid/cmake/modernize-links.cmake", "CMake", 0, 0, 0, 55, 0, 0, 0, 0, 0, 0, 0, 0, 0, 0, 0, 0, 0, 5, 60
"/home/kaede-rei/ros2-workspace/arm-ws/src/tsid/cmake/msvc-specific.cmake", "CMake", 0, 0, 0, 222, 0, 0, 0, 0, 0, 0, 0, 0, 0, 0, 0, 0, 0, 12, 234
"/home/kaede-rei/ros2-workspace/arm-ws/src/tsid/cmake/openhrp.cmake", "CMake", 0, 0, 0, 63, 0, 0, 0, 0, 0, 0, 0, 0, 0, 0, 0, 0, 0, 5, 68
"/home/kaede-rei/ros2-workspace/arm-ws/src/tsid/cmake/openhrpcontroller.cmake", "CMake", 0, 0, 0, 53, 0, 0, 0, 0, 0, 0, 0, 0, 0, 0, 0, 0, 0, 10, 63
"/home/kaede-rei/ros2-workspace/arm-ws/src/tsid/cmake/openrtm.cmake", "CMake", 0, 0, 0, 46, 0, 0, 0, 0, 0, 0, 0, 0, 0, 0, 0, 0, 0, 6, 52
"/home/kaede-rei/ros2-workspace/arm-ws/src/tsid/cmake/oscheck.cmake", "CMake", 0, 0, 0, 41, 0, 0, 0, 0, 0, 0, 0, 0, 0, 0, 0, 0, 0, 4, 45
"/home/kaede-rei/ros2-workspace/arm-ws/src/tsid/cmake/package-config.cmake", "CMake", 0, 0, 0, 405, 0, 0, 0, 0, 0, 0, 0, 0, 0, 0, 0, 0, 0, 35, 440
"/home/kaede-rei/ros2-workspace/arm-ws/src/tsid/cmake/package.xml", "XML", 0, 0, 0, 0, 0, 0, 0, 0, 0, 0, 0, 21, 0, 0, 0, 0, 91, 10, 122
"/home/kaede-rei/ros2-workspace/arm-ws/src/tsid/cmake/pixi.py", "Python", 0, 0, 28, 0, 0, 0, 0, 0, 0, 0, 0, 0, 0, 0, 0, 0, 1, 6, 35
"/home/kaede-rei/ros2-workspace/arm-ws/src/tsid/cmake/pkg-config.cmake", "CMake", 0, 0, 0, 1248, 0, 0, 0, 0, 0, 0, 0, 0, 0, 0, 0, 0, 0, 66, 1314
"/home/kaede-rei/ros2-workspace/arm-ws/src/tsid/cmake/pkg-config.pc.cmake", "CMake", 0, 0, 0, 20, 0, 0, 0, 0, 0, 0, 0, 0, 0, 0, 0, 0, 0, 3, 23
"/home/kaede-rei/ros2-workspace/arm-ws/src/tsid/cmake/portability.cmake", "CMake", 0, 0, 0, 76, 0, 0, 0, 0, 0, 0, 0, 0, 0, 0, 0, 0, 0, 5, 81
"/home/kaede-rei/ros2-workspace/arm-ws/src/tsid/cmake/post-project.cmake", "CMake", 0, 0, 0, 92, 0, 0, 0, 0, 0, 0, 0, 0, 0, 0, 0, 0, 0, 10, 102
"/home/kaede-rei/ros2-workspace/arm-ws/src/tsid/cmake/pthread.cmake", "CMake", 0, 0, 0, 47, 0, 0, 0, 0, 0, 0, 0, 0, 0, 0, 0, 0, 0, 4, 51
"/home/kaede-rei/ros2-workspace/arm-ws/src/tsid/cmake/pyproject.py", "Python", 0, 0, 24, 0, 0, 0, 0, 0, 0, 0, 0, 0, 0, 0, 0, 0, 1, 6, 31
"/home/kaede-rei/ros2-workspace/arm-ws/src/tsid/cmake/python-helpers.cmake", "CMake", 0, 0, 0, 162, 0, 0, 0, 0, 0, 0, 0, 0, 0, 0, 0, 0, 0, 22, 184
"/home/kaede-rei/ros2-workspace/arm-ws/src/tsid/cmake/python.cmake", "CMake", 0, 0, 0, 562, 0, 0, 0, 0, 0, 0, 0, 0, 0, 0, 0, 0, 0, 60, 622
"/home/kaede-rei/ros2-workspace/arm-ws/src/tsid/cmake/qhull.cmake", "CMake", 0, 0, 0, 141, 0, 0, 0, 0, 0, 0, 0, 0, 0, 0, 0, 0, 0, 18, 159
"/home/kaede-rei/ros2-workspace/arm-ws/src/tsid/cmake/release.cmake", "CMake", 0, 0, 0, 193, 0, 0, 0, 0, 0, 0, 0, 0, 0, 0, 0, 0, 0, 9, 202
"/home/kaede-rei/ros2-workspace/arm-ws/src/tsid/cmake/relpath.cmake", "CMake", 0, 0, 0, 51, 0, 0, 0, 0, 0, 0, 0, 0, 0, 0, 0, 0, 0, 3, 54
"/home/kaede-rei/ros2-workspace/arm-ws/src/tsid/cmake/ros.cmake", "CMake", 0, 0, 0, 162, 0, 0, 0, 0, 0, 0, 0, 0, 0, 0, 0, 0, 0, 24, 186
"/home/kaede-rei/ros2-workspace/arm-ws/src/tsid/cmake/ros2.cmake", "CMake", 0, 0, 0, 67, 0, 0, 0, 0, 0, 0, 0, 0, 0, 0, 0, 0, 0, 3, 70
"/home/kaede-rei/ros2-workspace/arm-ws/src/tsid/cmake/sdformat.cmake", "CMake", 0, 0, 0, 56, 0, 0, 0, 0, 0, 0, 0, 0, 0, 0, 0, 0, 0, 2, 58
"/home/kaede-rei/ros2-workspace/arm-ws/src/tsid/cmake/setup.cfg", "Properties", 0, 0, 0, 0, 0, 0, 0, 0, 0, 0, 0, 0, 4, 0, 0, 0, 0, 1, 5
"/home/kaede-rei/ros2-workspace/arm-ws/src/tsid/cmake/shared-library.cmake", "CMake", 0, 0, 0, 48, 0, 0, 0, 0, 0, 0, 0, 0, 0, 0, 0, 0, 0, 3, 51
"/home/kaede-rei/ros2-workspace/arm-ws/src/tsid/cmake/sphinx.cmake", "CMake", 0, 0, 0, 147, 0, 0, 0, 0, 0, 0, 0, 0, 0, 0, 0, 0, 0, 14, 161
"/home/kaede-rei/ros2-workspace/arm-ws/src/tsid/cmake/stubs.cmake", "CMake", 0, 0, 0, 162, 0, 0, 0, 0, 0, 0, 0, 0, 0, 0, 0, 0, 0, 13, 175
"/home/kaede-rei/ros2-workspace/arm-ws/src/tsid/cmake/swig.cmake", "CMake", 0, 0, 0, 64, 0, 0, 0, 0, 0, 0, 0, 0, 0, 0, 0, 0, 0, 5, 69
"/home/kaede-rei/ros2-workspace/arm-ws/src/tsid/cmake/test.cmake", "CMake", 0, 0, 0, 295, 0, 0, 0, 0, 0, 0, 0, 0, 0, 0, 0, 0, 0, 26, 321
"/home/kaede-rei/ros2-workspace/arm-ws/src/tsid/cmake/tracy.cmake", "CMake", 0, 0, 0, 110, 0, 0, 0, 0, 0, 0, 0, 0, 0, 0, 0, 0, 0, 10, 120
"/home/kaede-rei/ros2-workspace/arm-ws/src/tsid/cmake/tracy.hh.cmake", "CMake", 0, 0, 0, 29, 0, 0, 0, 0, 0, 0, 0, 0, 0, 0, 0, 0, 0, 5, 34
"/home/kaede-rei/ros2-workspace/arm-ws/src/tsid/cmake/uninstall.cmake", "CMake", 0, 0, 0, 101, 0, 0, 0, 0, 0, 0, 0, 0, 0, 0, 0, 0, 0, 8, 109
"/home/kaede-rei/ros2-workspace/arm-ws/src/tsid/cmake/version-script.cmake", "CMake", 0, 0, 0, 76, 0, 0, 0, 0, 0, 0, 0, 0, 0, 0, 0, 0, 0, 4, 80
"/home/kaede-rei/ros2-workspace/arm-ws/src/tsid/cmake/version.cmake", "CMake", 0, 0, 0, 273, 0, 0, 0, 0, 0, 0, 0, 0, 0, 0, 0, 0, 0, 21, 294
"/home/kaede-rei/ros2-workspace/arm-ws/src/tsid/cmake/warning.hh.cmake", "CMake", 0, 0, 0, 31, 0, 0, 0, 0, 0, 0, 0, 0, 0, 0, 0, 0, 0, 5, 36
"/home/kaede-rei/ros2-workspace/arm-ws/src/tsid/cmake/xacro.cmake", "CMake", 0, 0, 0, 87, 0, 0, 0, 0, 0, 0, 0, 0, 0, 0, 0, 0, 0, 11, 98
"/home/kaede-rei/ros2-workspace/arm-ws/src/tsid/demo/demo_quadruped.py", "Python", 0, 0, 194, 0, 0, 0, 0, 0, 0, 0, 0, 0, 0, 0, 0, 0, 8, 42, 244
"/home/kaede-rei/ros2-workspace/arm-ws/src/tsid/demo/demo_tsid_talos_gripper_closed_kinematic_chain.py", "Python", 0, 0, 141, 0, 0, 0, 0, 0, 0, 0, 0, 0, 0, 0, 0, 0, 14, 39, 194
"/home/kaede-rei/ros2-workspace/arm-ws/src/tsid/doc/tsid_cheatsheet.tex", "LaTeX", 0, 0, 0, 0, 0, 169, 0, 0, 0, 0, 0, 0, 0, 0, 0, 0, 22, 65, 256
"/home/kaede-rei/ros2-workspace/arm-ws/src/tsid/exercizes/ex_0_ur5_joint_space_control.py", "Python", 0, 0, 147, 0, 0, 0, 0, 0, 0, 0, 0, 0, 0, 0, 0, 0, 7, 29, 183
"/home/kaede-rei/ros2-workspace/arm-ws/src/tsid/exercizes/ex_1.py", "Python", 0, 0, 98, 0, 0, 0, 0, 0, 0, 0, 0, 0, 0, 0, 0, 0, 2, 24, 124
"/home/kaede-rei/ros2-workspace/arm-ws/src/tsid/exercizes/ex_1_ur5.py", "Python", 0, 0, 140, 0, 0, 0, 0, 0, 0, 0, 0, 0, 0, 0, 0, 0, 3, 29, 172
"/home/kaede-rei/ros2-workspace/arm-ws/src/tsid/exercizes/ex_2.py", "Python", 0, 0, 106, 0, 0, 0, 0, 0, 0, 0, 0, 0, 0, 0, 0, 0, 2, 27, 135
"/home/kaede-rei/ros2-workspace/arm-ws/src/tsid/exercizes/ex_3_biped_balance_with_gui.py", "Python", 0, 0, 234, 0, 0, 0, 0, 0, 0, 0, 0, 0, 0, 0, 0, 0, 8, 48, 290
"/home/kaede-rei/ros2-workspace/arm-ws/src/tsid/exercizes/ex_4_LIPM_to_TSID.py", "Python", 0, 0, 90, 0, 0, 0, 0, 0, 0, 0, 0, 0, 0, 0, 0, 0, 32, 13, 135
"/home/kaede-rei/ros2-workspace/arm-ws/src/tsid/exercizes/ex_4_conf.py", "Python", 0, 0, 70, 0, 0, 0, 0, 0, 0, 0, 0, 0, 0, 0, 0, 0, 12, 12, 94
"/home/kaede-rei/ros2-workspace/arm-ws/src/tsid/exercizes/ex_4_long_conf.py", "Python", 0, 0, 60, 0, 0, 0, 0, 0, 0, 0, 0, 0, 0, 0, 0, 0, 12, 12, 84
"/home/kaede-rei/ros2-workspace/arm-ws/src/tsid/exercizes/ex_4_plan_LIPM_romeo.py", "Python", 0, 0, 106, 0, 0, 0, 0, 0, 0, 0, 0, 0, 0, 0, 0, 0, 44, 24, 174
"/home/kaede-rei/ros2-workspace/arm-ws/src/tsid/exercizes/ex_4_talos_conf.py", "Python", 0, 0, 105, 0, 0, 0, 0, 0, 0, 0, 0, 0, 0, 0, 0, 0, 13, 13, 131
"/home/kaede-rei/ros2-workspace/arm-ws/src/tsid/exercizes/ex_4_walking.py", "Python", 0, 0, 309, 0, 0, 0, 0, 0, 0, 0, 0, 0, 0, 0, 0, 0, 32, 47, 388
"/home/kaede-rei/ros2-workspace/arm-ws/src/tsid/exercizes/notebooks/Installation process.html", "HTML", 0, 0, 0, 0, 0, 0, 0, 13152, 0, 0, 0, 0, 0, 0, 0, 0, 4, 28, 13184
"/home/kaede-rei/ros2-workspace/arm-ws/src/tsid/exercizes/notebooks/Installation process.ipynb", "JSON", 0, 0, 0, 0, 0, 0, 92, 0, 0, 0, 0, 0, 0, 0, 0, 0, 0, 1, 93
"/home/kaede-rei/ros2-workspace/arm-ws/src/tsid/exercizes/notebooks/ex_0_joint_space_inverse_dynamics_arm.ipynb", "JSON", 0, 0, 0, 0, 0, 0, 391, 0, 0, 0, 0, 0, 0, 0, 0, 0, 0, 1, 392
"/home/kaede-rei/ros2-workspace/arm-ws/src/tsid/exercizes/notebooks/ex_1_com_sin_track_talos.ipynb", "JSON", 0, 0, 0, 0, 0, 0, 917, 0, 0, 0, 0, 0, 0, 0, 0, 0, 0, 1, 918
"/home/kaede-rei/ros2-workspace/arm-ws/src/tsid/exercizes/notebooks/ex_3_biped_balance_with_gui.ipynb", "JSON", 0, 0, 0, 0, 0, 0, 250, 0, 0, 0, 0, 0, 0, 0, 0, 0, 0, 1, 251
"/home/kaede-rei/ros2-workspace/arm-ws/src/tsid/exercizes/plot_utils.py", "Python", 0, 0, 360, 0, 0, 0, 0, 0, 0, 0, 0, 0, 0, 0, 0, 0, 25, 32, 417
"/home/kaede-rei/ros2-workspace/arm-ws/src/tsid/exercizes/romeo_conf.py", "Python", 0, 0, 63, 0, 0, 0, 0, 0, 0, 0, 0, 0, 0, 0, 0, 0, 4, 12, 79
"/home/kaede-rei/ros2-workspace/arm-ws/src/tsid/exercizes/talos_arm_conf.py", "Python", 0, 0, 40, 0, 0, 0, 0, 0, 0, 0, 0, 0, 0, 0, 0, 0, 1, 11, 52
"/home/kaede-rei/ros2-workspace/arm-ws/src/tsid/exercizes/talos_conf.py", "Python", 0, 0, 99, 0, 0, 0, 0, 0, 0, 0, 0, 0, 0, 0, 0, 0, 0, 12, 111
"/home/kaede-rei/ros2-workspace/arm-ws/src/tsid/exercizes/test_cop_task.py", "Python", 0, 0, 277, 0, 0, 0, 0, 0, 0, 0, 0, 0, 0, 0, 0, 0, 42, 39, 358
"/home/kaede-rei/ros2-workspace/arm-ws/src/tsid/exercizes/tsid_biped.py", "Python", 0, 0, 249, 0, 0, 0, 0, 0, 0, 0, 0, 0, 0, 0, 0, 0, 8, 45, 302
"/home/kaede-rei/ros2-workspace/arm-ws/src/tsid/exercizes/tsid_manipulator.py", "Python", 0, 0, 87, 0, 0, 0, 0, 0, 0, 0, 0, 0, 0, 0, 0, 0, 11, 18, 116
"/home/kaede-rei/ros2-workspace/arm-ws/src/tsid/exercizes/ur5_conf.py", "Python", 0, 0, 42, 0, 0, 0, 0, 0, 0, 0, 0, 0, 0, 0, 0, 0, 5, 13, 60
"/home/kaede-rei/ros2-workspace/arm-ws/src/tsid/exercizes/ur5_reaching_conf.py", "Python", 0, 0, 42, 0, 0, 0, 0, 0, 0, 0, 0, 0, 0, 0, 0, 0, 5, 13, 60
"/home/kaede-rei/ros2-workspace/arm-ws/src/tsid/exercizes/vizutils.py", "Python", 0, 0, 41, 0, 0, 0, 0, 0, 0, 0, 0, 0, 0, 0, 0, 0, 10, 19, 70
"/home/kaede-rei/ros2-workspace/arm-ws/src/tsid/include/tsid/bindings/python/constraint/constraint-bound.hpp", "C++", 65, 0, 0, 0, 0, 0, 0, 0, 0, 0, 0, 0, 0, 0, 0, 0, 16, 12, 93
"/home/kaede-rei/ros2-workspace/arm-ws/src/tsid/include/tsid/bindings/python/constraint/constraint-equality.hpp", "C++", 76, 0, 0, 0, 0, 0, 0, 0, 0, 0, 0, 0, 0, 0, 0, 0, 16, 14, 106
"/home/kaede-rei/ros2-workspace/arm-ws/src/tsid/include/tsid/bindings/python/constraint/constraint-inequality.hpp", "C++", 78, 0, 0, 0, 0, 0, 0, 0, 0, 0, 0, 0, 0, 0, 0, 0, 16, 11, 105
"/home/kaede-rei/ros2-workspace/arm-ws/src/tsid/include/tsid/bindings/python/constraint/expose-constraints.hpp", "C++", 18, 0, 0, 0, 0, 0, 0, 0, 0, 0, 0, 0, 0, 0, 0, 0, 16, 4, 38
"/home/kaede-rei/ros2-workspace/arm-ws/src/tsid/include/tsid/bindings/python/contacts/contact-6d.hpp", "C++", 171, 0, 0, 0, 0, 0, 0, 0, 0, 0, 0, 0, 0, 0, 0, 0, 16, 15, 202
"/home/kaede-rei/ros2-workspace/arm-ws/src/tsid/include/tsid/bindings/python/contacts/contact-point.hpp", "C++", 163, 0, 0, 0, 0, 0, 0, 0, 0, 0, 0, 0, 0, 0, 0, 0, 16, 16, 195
"/home/kaede-rei/ros2-workspace/arm-ws/src/tsid/include/tsid/bindings/python/contacts/contact-two-frame-positions.hpp", "C++", 176, 0, 0, 0, 0, 0, 0, 0, 0, 0, 0, 0, 0, 0, 0, 0, 16, 13, 205
"/home/kaede-rei/ros2-workspace/arm-ws/src/tsid/include/tsid/bindings/python/contacts/contact-two-frames.hpp", "C++", 171, 0, 0, 0, 0, 0, 0, 0, 0, 0, 0, 0, 0, 0, 0, 0, 16, 16, 203
"/home/kaede-rei/ros2-workspace/arm-ws/src/tsid/include/tsid/bindings/python/contacts/expose-contact.hpp", "C++", 21, 0, 0, 0, 0, 0, 0, 0, 0, 0, 0, 0, 0, 0, 0, 0, 16, 5, 42
"/home/kaede-rei/ros2-workspace/arm-ws/src/tsid/include/tsid/bindings/python/contacts/measured-6d-wrench.hpp", "C++", 68, 0, 0, 0, 0, 0, 0, 0, 0, 0, 0, 0, 0, 0, 0, 0, 28, 19, 115
"/home/kaede-rei/ros2-workspace/arm-ws/src/tsid/include/tsid/bindings/python/formulations/expose-formulations.hpp", "C++", 10, 0, 0, 0, 0, 0, 0, 0, 0, 0, 0, 0, 0, 0, 0, 0, 16, 6, 32
"/home/kaede-rei/ros2-workspace/arm-ws/src/tsid/include/tsid/bindings/python/formulations/formulation.hpp", "C++", 266, 0, 0, 0, 0, 0, 0, 0, 0, 0, 0, 0, 0, 0, 0, 0, 16, 12, 294
"/home/kaede-rei/ros2-workspace/arm-ws/src/tsid/include/tsid/bindings/python/fwd.hpp", "C++", 11, 0, 0, 0, 0, 0, 0, 0, 0, 0, 0, 0, 0, 0, 0, 0, 19, 8, 38
"/home/kaede-rei/ros2-workspace/arm-ws/src/tsid/include/tsid/bindings/python/math/utils.hpp", "C++", 8, 0, 0, 0, 0, 0, 0, 0, 0, 0, 0, 0, 0, 0, 0, 0, 16, 4, 28
"/home/kaede-rei/ros2-workspace/arm-ws/src/tsid/include/tsid/bindings/python/robots/expose-robots.hpp", "C++", 10, 0, 0, 0, 0, 0, 0, 0, 0, 0, 0, 0, 0, 0, 0, 0, 16, 5, 31
"/home/kaede-rei/ros2-workspace/arm-ws/src/tsid/include/tsid/bindings/python/robots/robot-wrapper.hpp", "C++", 207, 0, 0, 0, 0, 0, 0, 0, 0, 0, 0, 0, 0, 0, 0, 0, 16, 16, 239
"/home/kaede-rei/ros2-workspace/arm-ws/src/tsid/include/tsid/bindings/python/solvers/HQPData.hpp", "C++", 43, 0, 0, 0, 0, 0, 0, 0, 0, 0, 0, 0, 0, 0, 0, 0, 16, 13, 72
"/home/kaede-rei/ros2-workspace/arm-ws/src/tsid/include/tsid/bindings/python/solvers/HQPOutput.hpp", "C++", 28, 0, 0, 0, 0, 0, 0, 0, 0, 0, 0, 0, 0, 0, 0, 0, 16, 8, 52
"/home/kaede-rei/ros2-workspace/arm-ws/src/tsid/include/tsid/bindings/python/solvers/expose-solvers.hpp", "C++", 30, 0, 0, 0, 0, 0, 0, 0, 0, 0, 0, 0, 0, 0, 0, 0, 16, 4, 50
"/home/kaede-rei/ros2-workspace/arm-ws/src/tsid/include/tsid/bindings/python/solvers/solver-HQP-eiquadprog.hpp", "C++", 60, 0, 0, 0, 0, 0, 0, 0, 0, 0, 0, 0, 0, 0, 0, 0, 16, 14, 90
"/home/kaede-rei/ros2-workspace/arm-ws/src/tsid/include/tsid/bindings/python/solvers/solver-osqp.hpp", "C++", 64, 0, 0, 0, 0, 0, 0, 0, 0, 0, 0, 0, 0, 0, 0, 0, 16, 15, 95
"/home/kaede-rei/ros2-workspace/arm-ws/src/tsid/include/tsid/bindings/python/solvers/solver-proxqp.hpp", "C++", 64, 0, 0, 0, 0, 0, 0, 0, 0, 0, 0, 0, 0, 0, 0, 0, 16, 14, 94
"/home/kaede-rei/ros2-workspace/arm-ws/src/tsid/include/tsid/bindings/python/tasks/expose-tasks.hpp", "C++", 39, 0, 0, 0, 0, 0, 0, 0, 0, 0, 0, 0, 0, 0, 0, 0, 16, 6, 61
"/home/kaede-rei/ros2-workspace/arm-ws/src/tsid/include/tsid/bindings/python/tasks/task-actuation-bounds.hpp", "C++", 86, 0, 0, 0, 0, 0, 0, 0, 0, 0, 0, 0, 0, 0, 0, 0, 16, 8, 110
"/home/kaede-rei/ros2-workspace/arm-ws/src/tsid/include/tsid/bindings/python/tasks/task-actuation-equality.hpp", "C++", 90, 0, 0, 0, 0, 0, 0, 0, 0, 0, 0, 0, 0, 0, 0, 0, 26, 27, 143
"/home/kaede-rei/ros2-workspace/arm-ws/src/tsid/include/tsid/bindings/python/tasks/task-am-equality.hpp", "C++", 120, 0, 0, 0, 0, 0, 0, 0, 0, 0, 0, 0, 0, 0, 0, 0, 16, 7, 143
"/home/kaede-rei/ros2-workspace/arm-ws/src/tsid/include/tsid/bindings/python/tasks/task-com-equality.hpp", "C++", 148, 0, 0, 0, 0, 0, 0, 0, 0, 0, 0, 0, 0, 0, 0, 0, 16, 8, 172
"/home/kaede-rei/ros2-workspace/arm-ws/src/tsid/include/tsid/bindings/python/tasks/task-contact-force-equality.hpp", "C++", 126, 0, 0, 0, 0, 0, 0, 0, 0, 0, 0, 0, 0, 0, 0, 0, 16, 7, 149
"/home/kaede-rei/ros2-workspace/arm-ws/src/tsid/include/tsid/bindings/python/tasks/task-cop-equality.hpp", "C++", 64, 0, 0, 0, 0, 0, 0, 0, 0, 0, 0, 0, 0, 0, 0, 0, 16, 7, 87
"/home/kaede-rei/ros2-workspace/arm-ws/src/tsid/include/tsid/bindings/python/tasks/task-joint-bounds.hpp", "C++", 102, 0, 0, 0, 0, 0, 0, 0, 0, 0, 0, 0, 0, 0, 0, 0, 16, 8, 126
"/home/kaede-rei/ros2-workspace/arm-ws/src/tsid/include/tsid/bindings/python/tasks/task-joint-posVelAcc-bounds.hpp", "C++", 168, 0, 0, 0, 0, 0, 0, 0, 0, 0, 0, 0, 0, 0, 0, 0, 16, 9, 193
"/home/kaede-rei/ros2-workspace/arm-ws/src/tsid/include/tsid/bindings/python/tasks/task-joint-posture.hpp", "C++", 148, 0, 0, 0, 0, 0, 0, 0, 0, 0, 0, 0, 0, 0, 0, 0, 17, 8, 173
"/home/kaede-rei/ros2-workspace/arm-ws/src/tsid/include/tsid/bindings/python/tasks/task-se3-equality.hpp", "C++", 151, 0, 0, 0, 0, 0, 0, 0, 0, 0, 0, 0, 0, 0, 0, 0, 17, 8, 176
"/home/kaede-rei/ros2-workspace/arm-ws/src/tsid/include/tsid/bindings/python/tasks/task-two-frames-equality.hpp", "C++", 124, 0, 0, 0, 0, 0, 0, 0, 0, 0, 0, 0, 0, 0, 0, 0, 17, 9, 150
"/home/kaede-rei/ros2-workspace/arm-ws/src/tsid/include/tsid/bindings/python/trajectories/expose-trajectories.hpp", "C++", 18, 0, 0, 0, 0, 0, 0, 0, 0, 0, 0, 0, 0, 0, 0, 0, 3, 5, 26
"/home/kaede-rei/ros2-workspace/arm-ws/src/tsid/include/tsid/bindings/python/trajectories/trajectory-base.hpp", "C++", 104, 0, 0, 0, 0, 0, 0, 0, 0, 0, 0, 0, 0, 0, 0, 0, 4, 15, 123
"/home/kaede-rei/ros2-workspace/arm-ws/src/tsid/include/tsid/bindings/python/trajectories/trajectory-euclidian.hpp", "C++", 57, 0, 0, 0, 0, 0, 0, 0, 0, 0, 0, 0, 0, 0, 0, 0, 3, 9, 69
"/home/kaede-rei/ros2-workspace/arm-ws/src/tsid/include/tsid/bindings/python/trajectories/trajectory-se3.hpp", "C++", 55, 0, 0, 0, 0, 0, 0, 0, 0, 0, 0, 0, 0, 0, 0, 0, 3, 9, 67
"/home/kaede-rei/ros2-workspace/arm-ws/src/tsid/include/tsid/bindings/python/utils/container.hpp", "C++", 95, 0, 0, 0, 0, 0, 0, 0, 0, 0, 0, 0, 0, 0, 0, 0, 19, 14, 128
"/home/kaede-rei/ros2-workspace/arm-ws/src/tsid/include/tsid/contacts/contact-6d.hpp", "C++", 86, 0, 0, 0, 0, 0, 0, 0, 0, 0, 0, 0, 0, 0, 0, 0, 5, 22, 113
"/home/kaede-rei/ros2-workspace/arm-ws/src/tsid/include/tsid/contacts/contact-base.hpp", "C++", 54, 0, 0, 0, 0, 0, 0, 0, 0, 0, 0, 0, 0, 0, 0, 0, 9, 21, 84
"/home/kaede-rei/ros2-workspace/arm-ws/src/tsid/include/tsid/contacts/contact-point.hpp", "C++", 82, 0, 0, 0, 0, 0, 0, 0, 0, 0, 0, 0, 0, 0, 0, 0, 14, 21, 117
"/home/kaede-rei/ros2-workspace/arm-ws/src/tsid/include/tsid/contacts/contact-two-frame-positions.hpp", "C++", 81, 0, 0, 0, 0, 0, 0, 0, 0, 0, 0, 0, 0, 0, 0, 0, 5, 20, 106
"/home/kaede-rei/ros2-workspace/arm-ws/src/tsid/include/tsid/contacts/fwd.hpp", "C++", 6, 0, 0, 0, 0, 0, 0, 0, 0, 0, 0, 0, 0, 0, 0, 0, 3, 4, 13
"/home/kaede-rei/ros2-workspace/arm-ws/src/tsid/include/tsid/contacts/measured-3Dforce.hpp", "C++", 11, 0, 0, 0, 0, 0, 0, 0, 0, 0, 0, 0, 0, 0, 0, 0, 0, 4, 15
"/home/kaede-rei/ros2-workspace/arm-ws/src/tsid/include/tsid/contacts/measured-3d-force.hpp", "C++", 32, 0, 0, 0, 0, 0, 0, 0, 0, 0, 0, 0, 0, 0, 0, 0, 14, 13, 59
"/home/kaede-rei/ros2-workspace/arm-ws/src/tsid/include/tsid/contacts/measured-6Dwrench.hpp", "C++", 11, 0, 0, 0, 0, 0, 0, 0, 0, 0, 0, 0, 0, 0, 0, 0, 0, 4, 15
"/home/kaede-rei/ros2-workspace/arm-ws/src/tsid/include/tsid/contacts/measured-6d-wrench.hpp", "C++", 32, 0, 0, 0, 0, 0, 0, 0, 0, 0, 0, 0, 0, 0, 0, 0, 14, 13, 59
"/home/kaede-rei/ros2-workspace/arm-ws/src/tsid/include/tsid/contacts/measured-force-base.hpp", "C++", 25, 0, 0, 0, 0, 0, 0, 0, 0, 0, 0, 0, 0, 0, 0, 0, 8, 14, 47
"/home/kaede-rei/ros2-workspace/arm-ws/src/tsid/include/tsid/formulations/contact-level.hpp", "C++", 16, 0, 0, 0, 0, 0, 0, 0, 0, 0, 0, 0, 0, 0, 0, 0, 11, 9, 36
"/home/kaede-rei/ros2-workspace/arm-ws/src/tsid/include/tsid/formulations/inverse-dynamics-formulation-acc-force.hpp", "C++", 99, 0, 0, 0, 0, 0, 0, 0, 0, 0, 0, 0, 0, 0, 0, 0, 3, 33, 135
"/home/kaede-rei/ros2-workspace/arm-ws/src/tsid/include/tsid/formulations/inverse-dynamics-formulation-base.hpp", "C++", 95, 0, 0, 0, 0, 0, 0, 0, 0, 0, 0, 0, 0, 0, 0, 0, 32, 37, 164
"/home/kaede-rei/ros2-workspace/arm-ws/src/tsid/include/tsid/macros.hpp", "C++", 22, 0, 0, 0, 0, 0, 0, 0, 0, 0, 0, 0, 0, 0, 0, 0, 3, 9, 34
"/home/kaede-rei/ros2-workspace/arm-ws/src/tsid/include/tsid/math/constraint-base.hpp", "C++", 42, 0, 0, 0, 0, 0, 0, 0, 0, 0, 0, 0, 0, 0, 0, 0, 10, 17, 69
"/home/kaede-rei/ros2-workspace/arm-ws/src/tsid/include/tsid/math/constraint-bound.hpp", "C++", 35, 0, 0, 0, 0, 0, 0, 0, 0, 0, 0, 0, 0, 0, 0, 0, 3, 17, 55
"/home/kaede-rei/ros2-workspace/arm-ws/src/tsid/include/tsid/math/constraint-equality.hpp", "C++", 35, 0, 0, 0, 0, 0, 0, 0, 0, 0, 0, 0, 0, 0, 0, 0, 3, 17, 55
"/home/kaede-rei/ros2-workspace/arm-ws/src/tsid/include/tsid/math/constraint-inequality.hpp", "C++", 36, 0, 0, 0, 0, 0, 0, 0, 0, 0, 0, 0, 0, 0, 0, 0, 3, 17, 56
"/home/kaede-rei/ros2-workspace/arm-ws/src/tsid/include/tsid/math/fwd.hpp", "C++", 34, 0, 0, 0, 0, 0, 0, 0, 0, 0, 0, 0, 0, 0, 0, 0, 4, 14, 52
"/home/kaede-rei/ros2-workspace/arm-ws/src/tsid/include/tsid/math/utils.hpp", "C++", 123, 0, 0, 0, 0, 0, 0, 0, 0, 0, 0, 0, 0, 0, 0, 0, 26, 33, 182
"/home/kaede-rei/ros2-workspace/arm-ws/src/tsid/include/tsid/robots/fwd.hpp", "C++", 8, 0, 0, 0, 0, 0, 0, 0, 0, 0, 0, 0, 0, 0, 0, 0, 3, 4, 15
"/home/kaede-rei/ros2-workspace/arm-ws/src/tsid/include/tsid/robots/robot-wrapper.hpp", "C++", 114, 0, 0, 0, 0, 0, 0, 0, 0, 0, 0, 0, 0, 0, 0, 0, 29, 52, 195
"/home/kaede-rei/ros2-workspace/arm-ws/src/tsid/include/tsid/solvers/fwd.hpp", "C++", 69, 0, 0, 0, 0, 0, 0, 0, 0, 0, 0, 0, 0, 0, 0, 0, 22, 19, 110
"/home/kaede-rei/ros2-workspace/arm-ws/src/tsid/include/tsid/solvers/solver-HQP-base.hpp", "C++", 42, 0, 0, 0, 0, 0, 0, 0, 0, 0, 0, 0, 0, 0, 0, 0, 29, 20, 91
"/home/kaede-rei/ros2-workspace/arm-ws/src/tsid/include/tsid/solvers/solver-HQP-eiquadprog-fast.hpp", "C++", 46, 0, 0, 0, 0, 0, 0, 0, 0, 0, 0, 0, 0, 0, 0, 0, 26, 19, 91
"/home/kaede-rei/ros2-workspace/arm-ws/src/tsid/include/tsid/solvers/solver-HQP-eiquadprog-rt.hpp", "C++", 46, 0, 0, 0, 0, 0, 0, 0, 0, 0, 0, 0, 0, 0, 0, 0, 29, 21, 96
"/home/kaede-rei/ros2-workspace/arm-ws/src/tsid/include/tsid/solvers/solver-HQP-eiquadprog-rt.hxx", "C++", 166, 0, 0, 0, 0, 0, 0, 0, 0, 0, 0, 0, 0, 0, 0, 0, 24, 32, 222
"/home/kaede-rei/ros2-workspace/arm-ws/src/tsid/include/tsid/solvers/solver-HQP-eiquadprog.hpp", "C++", 48, 0, 0, 0, 0, 0, 0, 0, 0, 0, 0, 0, 0, 0, 0, 0, 32, 18, 98
"/home/kaede-rei/ros2-workspace/arm-ws/src/tsid/include/tsid/solvers/solver-HQP-factory.hpp", "C++", 17, 0, 0, 0, 0, 0, 0, 0, 0, 0, 0, 0, 0, 0, 0, 0, 19, 9, 45
"/home/kaede-rei/ros2-workspace/arm-ws/src/tsid/include/tsid/solvers/solver-HQP-factory.hxx", "C++", 17, 0, 0, 0, 0, 0, 0, 0, 0, 0, 0, 0, 0, 0, 0, 0, 16, 7, 40
"/home/kaede-rei/ros2-workspace/arm-ws/src/tsid/include/tsid/solvers/solver-HQP-output.hpp", "C++", 30, 0, 0, 0, 0, 0, 0, 0, 0, 0, 0, 0, 0, 0, 0, 0, 16, 12, 58
"/home/kaede-rei/ros2-workspace/arm-ws/src/tsid/include/tsid/solvers/solver-HQP-qpmad.hpp", "C++", 41, 0, 0, 0, 0, 0, 0, 0, 0, 0, 0, 0, 0, 0, 0, 0, 10, 20, 71
"/home/kaede-rei/ros2-workspace/arm-ws/src/tsid/include/tsid/solvers/solver-HQP-qpoases.hpp", "C++", 6, 0, 0, 0, 0, 0, 0, 0, 0, 0, 0, 0, 0, 0, 0, 0, 3, 4, 13
"/home/kaede-rei/ros2-workspace/arm-ws/src/tsid/include/tsid/solvers/solver-osqp.hpp", "C++", 57, 0, 0, 0, 0, 0, 0, 0, 0, 0, 0, 0, 0, 0, 0, 0, 24, 21, 102
"/home/kaede-rei/ros2-workspace/arm-ws/src/tsid/include/tsid/solvers/solver-proxqp.hpp", "C++", 58, 0, 0, 0, 0, 0, 0, 0, 0, 0, 0, 0, 0, 0, 0, 0, 25, 22, 105
"/home/kaede-rei/ros2-workspace/arm-ws/src/tsid/include/tsid/solvers/solver-qpData.hpp", "C++", 31, 0, 0, 0, 0, 0, 0, 0, 0, 0, 0, 0, 0, 0, 0, 0, 3, 10, 44
"/home/kaede-rei/ros2-workspace/arm-ws/src/tsid/include/tsid/solvers/utils.hpp", "C++", 10, 0, 0, 0, 0, 0, 0, 0, 0, 0, 0, 0, 0, 0, 0, 0, 16, 8, 34
"/home/kaede-rei/ros2-workspace/arm-ws/src/tsid/include/tsid/tasks/fwd.hpp", "C++", 6, 0, 0, 0, 0, 0, 0, 0, 0, 0, 0, 0, 0, 0, 0, 0, 16, 4, 26
"/home/kaede-rei/ros2-workspace/arm-ws/src/tsid/include/tsid/tasks/task-actuation-bounds.hpp", "C++", 34, 0, 0, 0, 0, 0, 0, 0, 0, 0, 0, 0, 0, 0, 0, 0, 16, 15, 65
"/home/kaede-rei/ros2-workspace/arm-ws/src/tsid/include/tsid/tasks/task-actuation-equality.hpp", "C++", 35, 0, 0, 0, 0, 0, 0, 0, 0, 0, 0, 0, 0, 0, 0, 0, 16, 14, 65
"/home/kaede-rei/ros2-workspace/arm-ws/src/tsid/include/tsid/tasks/task-actuation.hpp", "C++", 12, 0, 0, 0, 0, 0, 0, 0, 0, 0, 0, 0, 0, 0, 0, 0, 16, 5, 33
"/home/kaede-rei/ros2-workspace/arm-ws/src/tsid/include/tsid/tasks/task-angular-momentum-equality.hpp", "C++", 49, 0, 0, 0, 0, 0, 0, 0, 0, 0, 0, 0, 0, 0, 0, 0, 16, 19, 84
"/home/kaede-rei/ros2-workspace/arm-ws/src/tsid/include/tsid/tasks/task-base.hpp", "C++", 30, 0, 0, 0, 0, 0, 0, 0, 0, 0, 0, 0, 0, 0, 0, 0, 23, 18, 71
"/home/kaede-rei/ros2-workspace/arm-ws/src/tsid/include/tsid/tasks/task-capture-point-inequality.hpp", "C++", 53, 0, 0, 0, 0, 0, 0, 0, 0, 0, 0, 0, 0, 0, 0, 0, 16, 22, 91
"/home/kaede-rei/ros2-workspace/arm-ws/src/tsid/include/tsid/tasks/task-com-equality.hpp", "C++", 53, 0, 0, 0, 0, 0, 0, 0, 0, 0, 0, 0, 0, 0, 0, 0, 16, 17, 86
"/home/kaede-rei/ros2-workspace/arm-ws/src/tsid/include/tsid/tasks/task-contact-force-equality.hpp", "C++", 59, 0, 0, 0, 0, 0, 0, 0, 0, 0, 0, 0, 0, 0, 0, 0, 18, 18, 95
"/home/kaede-rei/ros2-workspace/arm-ws/src/tsid/include/tsid/tasks/task-contact-force.hpp", "C++", 23, 0, 0, 0, 0, 0, 0, 0, 0, 0, 0, 0, 0, 0, 0, 0, 28, 8, 59
"/home/kaede-rei/ros2-workspace/arm-ws/src/tsid/include/tsid/tasks/task-cop-equality.hpp", "C++", 43, 0, 0, 0, 0, 0, 0, 0, 0, 0, 0, 0, 0, 0, 0, 0, 16, 20, 79
"/home/kaede-rei/ros2-workspace/arm-ws/src/tsid/include/tsid/tasks/task-joint-bounds.hpp", "C++", 36, 0, 0, 0, 0, 0, 0, 0, 0, 0, 0, 0, 0, 0, 0, 0, 16, 15, 67
"/home/kaede-rei/ros2-workspace/arm-ws/src/tsid/include/tsid/tasks/task-joint-posVelAcc-bounds.hpp", "C++", 103, 0, 0, 0, 0, 0, 0, 0, 0, 0, 0, 0, 0, 0, 0, 0, 49, 33, 185
"/home/kaede-rei/ros2-workspace/arm-ws/src/tsid/include/tsid/tasks/task-joint-posture.hpp", "C++", 53, 0, 0, 0, 0, 0, 0, 0, 0, 0, 0, 0, 0, 0, 0, 0, 16, 18, 87
"/home/kaede-rei/ros2-workspace/arm-ws/src/tsid/include/tsid/tasks/task-motion.hpp", "C++", 32, 0, 0, 0, 0, 0, 0, 0, 0, 0, 0, 0, 0, 0, 0, 0, 16, 13, 61
"/home/kaede-rei/ros2-workspace/arm-ws/src/tsid/include/tsid/tasks/task-se3-equality.hpp", "C++", 68, 0, 0, 0, 0, 0, 0, 0, 0, 0, 0, 0, 0, 0, 0, 0, 39, 24, 131
"/home/kaede-rei/ros2-workspace/arm-ws/src/tsid/include/tsid/tasks/task-two-frames-equality.hpp", "C++", 63, 0, 0, 0, 0, 0, 0, 0, 0, 0, 0, 0, 0, 0, 0, 0, 39, 22, 124
"/home/kaede-rei/ros2-workspace/arm-ws/src/tsid/include/tsid/trajectories/fwd.hpp", "C++", 6, 0, 0, 0, 0, 0, 0, 0, 0, 0, 0, 0, 0, 0, 0, 0, 16, 4, 26
"/home/kaede-rei/ros2-workspace/arm-ws/src/tsid/include/tsid/trajectories/trajectory-base.hpp", "C++", 56, 0, 0, 0, 0, 0, 0, 0, 0, 0, 0, 0, 0, 0, 0, 0, 21, 25, 102
"/home/kaede-rei/ros2-workspace/arm-ws/src/tsid/include/tsid/trajectories/trajectory-euclidian.hpp", "C++", 24, 0, 0, 0, 0, 0, 0, 0, 0, 0, 0, 0, 0, 0, 0, 0, 16, 17, 57
"/home/kaede-rei/ros2-workspace/arm-ws/src/tsid/include/tsid/trajectories/trajectory-se3.hpp", "C++", 24, 0, 0, 0, 0, 0, 0, 0, 0, 0, 0, 0, 0, 0, 0, 0, 16, 18, 58
"/home/kaede-rei/ros2-workspace/arm-ws/src/tsid/include/tsid/utils/Stdafx.hh", "C++", 5, 0, 0, 0, 0, 0, 0, 0, 0, 0, 0, 0, 0, 0, 0, 0, 25, 3, 33
"/home/kaede-rei/ros2-workspace/arm-ws/src/tsid/include/tsid/utils/statistics.hpp", "C++", 43, 0, 0, 0, 0, 0, 0, 0, 0, 0, 0, 0, 0, 0, 0, 0, 61, 30, 134
"/home/kaede-rei/ros2-workspace/arm-ws/src/tsid/include/tsid/utils/stop-watch.hpp", "C++", 70, 0, 0, 0, 0, 0, 0, 0, 0, 0, 0, 0, 0, 0, 0, 0, 155, 42, 267
"/home/kaede-rei/ros2-workspace/arm-ws/src/tsid/package.xml", "XML", 0, 0, 0, 0, 0, 0, 0, 0, 0, 0, 0, 26, 0, 0, 0, 0, 0, 4, 30
"/home/kaede-rei/ros2-workspace/arm-ws/src/tsid/pyproject.toml", "toml", 0, 0, 0, 0, 0, 0, 0, 0, 7, 0, 0, 0, 0, 0, 0, 0, 0, 3, 10
"/home/kaede-rei/ros2-workspace/arm-ws/src/tsid/src/contacts/contact-6d.cpp", "C++", 199, 0, 0, 0, 0, 0, 0, 0, 0, 0, 0, 0, 0, 0, 0, 0, 3, 35, 237
"/home/kaede-rei/ros2-workspace/arm-ws/src/tsid/src/contacts/contact-base.cpp", "C++", 9, 0, 0, 0, 0, 0, 0, 0, 0, 0, 0, 0, 0, 0, 0, 0, 3, 6, 18
"/home/kaede-rei/ros2-workspace/arm-ws/src/tsid/src/contacts/contact-point.cpp", "C++", 182, 0, 0, 0, 0, 0, 0, 0, 0, 0, 0, 0, 0, 0, 0, 0, 3, 36, 221
"/home/kaede-rei/ros2-workspace/arm-ws/src/tsid/src/contacts/contact-two-frame-positions.cpp", "C++", 140, 0, 0, 0, 0, 0, 0, 0, 0, 0, 0, 0, 0, 0, 0, 0, 9, 32, 181
"/home/kaede-rei/ros2-workspace/arm-ws/src/tsid/src/contacts/measured-3d-force.cpp", "C++", 46, 0, 0, 0, 0, 0, 0, 0, 0, 0, 0, 0, 0, 0, 0, 0, 5, 19, 70
"/home/kaede-rei/ros2-workspace/arm-ws/src/tsid/src/contacts/measured-6d-wrench.cpp", "C++", 42, 0, 0, 0, 0, 0, 0, 0, 0, 0, 0, 0, 0, 0, 0, 0, 5, 17, 64
"/home/kaede-rei/ros2-workspace/arm-ws/src/tsid/src/contacts/measured-force-base.cpp", "C++", 10, 0, 0, 0, 0, 0, 0, 0, 0, 0, 0, 0, 0, 0, 0, 0, 3, 6, 19
"/home/kaede-rei/ros2-workspace/arm-ws/src/tsid/src/formulations/contact-level.cpp", "C++", 4, 0, 0, 0, 0, 0, 0, 0, 0, 0, 0, 0, 0, 0, 0, 0, 3, 5, 12
"/home/kaede-rei/ros2-workspace/arm-ws/src/tsid/src/formulations/inverse-dynamics-formulation-acc-force.cpp", "C++", 503, 0, 0, 0, 0, 0, 0, 0, 0, 0, 0, 0, 0, 0, 0, 0, 33, 71, 607
"/home/kaede-rei/ros2-workspace/arm-ws/src/tsid/src/formulations/inverse-dynamics-formulation-base.cpp", "C++", 17, 0, 0, 0, 0, 0, 0, 0, 0, 0, 0, 0, 0, 0, 0, 0, 3, 8, 28
"/home/kaede-rei/ros2-workspace/arm-ws/src/tsid/src/math/constraint-base.cpp", "C++", 21, 0, 0, 0, 0, 0, 0, 0, 0, 0, 0, 0, 0, 0, 0, 0, 3, 10, 34
"/home/kaede-rei/ros2-workspace/arm-ws/src/tsid/src/math/constraint-bound.cpp", "C++", 63, 0, 0, 0, 0, 0, 0, 0, 0, 0, 0, 0, 0, 0, 0, 0, 3, 14, 80
"/home/kaede-rei/ros2-workspace/arm-ws/src/tsid/src/math/constraint-equality.cpp", "C++", 61, 0, 0, 0, 0, 0, 0, 0, 0, 0, 0, 0, 0, 0, 0, 0, 16, 14, 91
"/home/kaede-rei/ros2-workspace/arm-ws/src/tsid/src/math/constraint-inequality.cpp", "C++", 63, 0, 0, 0, 0, 0, 0, 0, 0, 0, 0, 0, 0, 0, 0, 0, 3, 14, 80
"/home/kaede-rei/ros2-workspace/arm-ws/src/tsid/src/math/utils.cpp", "C++", 150, 0, 0, 0, 0, 0, 0, 0, 0, 0, 0, 0, 0, 0, 0, 0, 15, 27, 192
"/home/kaede-rei/ros2-workspace/arm-ws/src/tsid/src/robots/robot-wrapper.cpp", "C++", 296, 0, 0, 0, 0, 0, 0, 0, 0, 0, 0, 0, 0, 0, 0, 0, 21, 47, 364
"/home/kaede-rei/ros2-workspace/arm-ws/src/tsid/src/solvers/solver-HQP-base.cpp", "C++", 25, 0, 0, 0, 0, 0, 0, 0, 0, 0, 0, 0, 0, 0, 0, 0, 3, 9, 37
"/home/kaede-rei/ros2-workspace/arm-ws/src/tsid/src/solvers/solver-HQP-eiquadprog-fast.cpp", "C++", 186, 0, 0, 0, 0, 0, 0, 0, 0, 0, 0, 0, 0, 0, 0, 0, 14, 29, 229
"/home/kaede-rei/ros2-workspace/arm-ws/src/tsid/src/solvers/solver-HQP-eiquadprog.cpp", "C++", 201, 0, 0, 0, 0, 0, 0, 0, 0, 0, 0, 0, 0, 0, 0, 0, 36, 28, 265
"/home/kaede-rei/ros2-workspace/arm-ws/src/tsid/src/solvers/solver-HQP-factory.cpp", "C++", 39, 0, 0, 0, 0, 0, 0, 0, 0, 0, 0, 0, 0, 0, 0, 0, 3, 15, 57
"/home/kaede-rei/ros2-workspace/arm-ws/src/tsid/src/solvers/solver-HQP-qpmad.cpp", "C++", 161, 0, 0, 0, 0, 0, 0, 0, 0, 0, 0, 0, 0, 0, 0, 0, 11, 28, 200
"/home/kaede-rei/ros2-workspace/arm-ws/src/tsid/src/solvers/solver-HQP-qpoases.cpp", "C++", 0, 0, 0, 0, 0, 0, 0, 0, 0, 0, 0, 0, 0, 0, 0, 0, 0, 1, 1
"/home/kaede-rei/ros2-workspace/arm-ws/src/tsid/src/solvers/solver-osqp.cpp", "C++", 250, 0, 0, 0, 0, 0, 0, 0, 0, 0, 0, 0, 0, 0, 0, 0, 10, 37, 297
"/home/kaede-rei/ros2-workspace/arm-ws/src/tsid/src/solvers/solver-proxqp.cpp", "C++", 223, 0, 0, 0, 0, 0, 0, 0, 0, 0, 0, 0, 0, 0, 0, 0, 10, 33, 266
"/home/kaede-rei/ros2-workspace/arm-ws/src/tsid/src/solvers/utils.cpp", "C++", 54, 0, 0, 0, 0, 0, 0, 0, 0, 0, 0, 0, 0, 0, 0, 0, 3, 8, 65
"/home/kaede-rei/ros2-workspace/arm-ws/src/tsid/src/tasks/task-actuation-bounds.cpp", "C++", 63, 0, 0, 0, 0, 0, 0, 0, 0, 0, 0, 0, 0, 0, 0, 0, 3, 13, 79
"/home/kaede-rei/ros2-workspace/arm-ws/src/tsid/src/tasks/task-actuation-equality.cpp", "C++", 76, 0, 0, 0, 0, 0, 0, 0, 0, 0, 0, 0, 0, 0, 0, 0, 7, 18, 101
"/home/kaede-rei/ros2-workspace/arm-ws/src/tsid/src/tasks/task-actuation.cpp", "C++", 8, 0, 0, 0, 0, 0, 0, 0, 0, 0, 0, 0, 0, 0, 0, 0, 3, 5, 16
"/home/kaede-rei/ros2-workspace/arm-ws/src/tsid/src/tasks/task-angular-momentum-equality.cpp", "C++", 67, 0, 0, 0, 0, 0, 0, 0, 0, 0, 0, 0, 0, 0, 0, 0, 8, 23, 98
"/home/kaede-rei/ros2-workspace/arm-ws/src/tsid/src/tasks/task-base.cpp", "C++", 9, 0, 0, 0, 0, 0, 0, 0, 0, 0, 0, 0, 0, 0, 0, 0, 3, 6, 18
"/home/kaede-rei/ros2-workspace/arm-ws/src/tsid/src/tasks/task-capture-point-inequality.cpp", "C++", 87, 0, 0, 0, 0, 0, 0, 0, 0, 0, 0, 0, 0, 0, 0, 0, 9, 25, 121
"/home/kaede-rei/ros2-workspace/arm-ws/src/tsid/src/tasks/task-com-equality.cpp", "C++", 96, 0, 0, 0, 0, 0, 0, 0, 0, 0, 0, 0, 0, 0, 0, 0, 7, 31, 134
"/home/kaede-rei/ros2-workspace/arm-ws/src/tsid/src/tasks/task-contact-force-equality.cpp", "C++", 113, 0, 0, 0, 0, 0, 0, 0, 0, 0, 0, 0, 0, 0, 0, 0, 4, 25, 142
"/home/kaede-rei/ros2-workspace/arm-ws/src/tsid/src/tasks/task-contact-force.cpp", "C++", 8, 0, 0, 0, 0, 0, 0, 0, 0, 0, 0, 0, 0, 0, 0, 0, 3, 5, 16
"/home/kaede-rei/ros2-workspace/arm-ws/src/tsid/src/tasks/task-cop-equality.cpp", "C++", 65, 0, 0, 0, 0, 0, 0, 0, 0, 0, 0, 0, 0, 0, 0, 0, 10, 16, 91
"/home/kaede-rei/ros2-workspace/arm-ws/src/tsid/src/tasks/task-joint-bounds.cpp", "C++", 85, 0, 0, 0, 0, 0, 0, 0, 0, 0, 0, 0, 0, 0, 0, 0, 6, 18, 109
"/home/kaede-rei/ros2-workspace/arm-ws/src/tsid/src/tasks/task-joint-posVelAcc-bounds.cpp", "C++", 374, 0, 0, 0, 0, 0, 0, 0, 0, 0, 0, 0, 0, 0, 0, 0, 29, 34, 437
"/home/kaede-rei/ros2-workspace/arm-ws/src/tsid/src/tasks/task-joint-posture.cpp", "C++", 109, 0, 0, 0, 0, 0, 0, 0, 0, 0, 0, 0, 0, 0, 0, 0, 6, 28, 143
"/home/kaede-rei/ros2-workspace/arm-ws/src/tsid/src/tasks/task-motion.cpp", "C++", 23, 0, 0, 0, 0, 0, 0, 0, 0, 0, 0, 0, 0, 0, 0, 0, 3, 13, 39
"/home/kaede-rei/ros2-workspace/arm-ws/src/tsid/src/tasks/task-se3-equality.cpp", "C++", 153, 0, 0, 0, 0, 0, 0, 0, 0, 0, 0, 0, 0, 0, 0, 0, 12, 43, 208
"/home/kaede-rei/ros2-workspace/arm-ws/src/tsid/src/tasks/task-two-frames-equality.cpp", "C++", 126, 0, 0, 0, 0, 0, 0, 0, 0, 0, 0, 0, 0, 0, 0, 0, 9, 34, 169
"/home/kaede-rei/ros2-workspace/arm-ws/src/tsid/src/trajectories/trajectory-euclidian.cpp", "C++", 31, 0, 0, 0, 0, 0, 0, 0, 0, 0, 0, 0, 0, 0, 0, 0, 3, 12, 46
"/home/kaede-rei/ros2-workspace/arm-ws/src/tsid/src/trajectories/trajectory-se3.cpp", "C++", 38, 0, 0, 0, 0, 0, 0, 0, 0, 0, 0, 0, 0, 0, 0, 0, 3, 13, 54
"/home/kaede-rei/ros2-workspace/arm-ws/src/tsid/src/utils/statistics.cpp", "C++", 114, 0, 0, 0, 0, 0, 0, 0, 0, 0, 0, 0, 0, 0, 0, 0, 14, 45, 173
"/home/kaede-rei/ros2-workspace/arm-ws/src/tsid/src/utils/stop-watch.cpp", "C++", 196, 0, 0, 0, 0, 0, 0, 0, 0, 0, 0, 0, 0, 0, 0, 0, 53, 76, 325
"/home/kaede-rei/ros2-workspace/arm-ws/src/tsid/tests/CMakeLists.txt", "CMake", 0, 0, 0, 48, 0, 0, 0, 0, 0, 0, 0, 0, 0, 0, 0, 0, 0, 15, 63
"/home/kaede-rei/ros2-workspace/arm-ws/src/tsid/tests/constraints.cpp", "C++", 84, 0, 0, 0, 0, 0, 0, 0, 0, 0, 0, 0, 0, 0, 0, 0, 3, 29, 116
"/home/kaede-rei/ros2-workspace/arm-ws/src/tsid/tests/contacts.cpp", "C++", 71, 0, 0, 0, 0, 0, 0, 0, 0, 0, 0, 0, 0, 0, 0, 0, 3, 22, 96
"/home/kaede-rei/ros2-workspace/arm-ws/src/tsid/tests/hqp_solvers.cpp", "C++", 244, 0, 0, 0, 0, 0, 0, 0, 0, 0, 0, 0, 0, 0, 0, 0, 136, 73, 453
"/home/kaede-rei/ros2-workspace/arm-ws/src/tsid/tests/math_utils.cpp", "C++", 16, 0, 0, 0, 0, 0, 0, 0, 0, 0, 0, 0, 0, 0, 0, 0, 3, 9, 28
"/home/kaede-rei/ros2-workspace/arm-ws/src/tsid/tests/python/CMakeLists.txt", "CMake", 0, 0, 0, 16, 0, 0, 0, 0, 0, 0, 0, 0, 0, 0, 0, 0, 0, 2, 18
"/home/kaede-rei/ros2-workspace/arm-ws/src/tsid/tests/python/generator.py", "Python", 0, 0, 234, 0, 0, 0, 0, 0, 0, 0, 0, 0, 0, 0, 0, 0, 20, 28, 282
"/home/kaede-rei/ros2-workspace/arm-ws/src/tsid/tests/python/test_Constraint.py", "Python", 0, 0, 72, 0, 0, 0, 0, 0, 0, 0, 0, 0, 0, 0, 0, 0, 0, 23, 95
"/home/kaede-rei/ros2-workspace/arm-ws/src/tsid/tests/python/test_Contact.py", "Python", 0, 0, 58, 0, 0, 0, 0, 0, 0, 0, 0, 0, 0, 0, 0, 0, 0, 18, 76
"/home/kaede-rei/ros2-workspace/arm-ws/src/tsid/tests/python/test_ContactPoint.py", "Python", 0, 0, 49, 0, 0, 0, 0, 0, 0, 0, 0, 0, 0, 0, 0, 0, 0, 16, 65
"/home/kaede-rei/ros2-workspace/arm-ws/src/tsid/tests/python/test_Deprecations.py", "Python", 0, 0, 15, 0, 0, 0, 0, 0, 0, 0, 0, 0, 0, 0, 0, 0, 0, 8, 23
"/home/kaede-rei/ros2-workspace/arm-ws/src/tsid/tests/python/test_Formulation.py", "Python", 0, 0, 148, 0, 0, 0, 0, 0, 0, 0, 0, 0, 0, 0, 0, 0, 2, 30, 180
"/home/kaede-rei/ros2-workspace/arm-ws/src/tsid/tests/python/test_Gravity.py", "Python", 0, 0, 19, 0, 0, 0, 0, 0, 0, 0, 0, 0, 0, 0, 0, 0, 0, 12, 31
"/home/kaede-rei/ros2-workspace/arm-ws/src/tsid/tests/python/test_Measured6DWrench.py", "Python", 0, 0, 24, 0, 0, 0, 0, 0, 0, 0, 0, 0, 0, 0, 0, 0, 0, 7, 31
"/home/kaede-rei/ros2-workspace/arm-ws/src/tsid/tests/python/test_RobotWrapper.py", "Python", 0, 0, 40, 0, 0, 0, 0, 0, 0, 0, 0, 0, 0, 0, 0, 0, 2, 18, 60
"/home/kaede-rei/ros2-workspace/arm-ws/src/tsid/tests/python/test_Solvers.py", "Python", 0, 0, 99, 0, 0, 0, 0, 0, 0, 0, 0, 0, 0, 0, 0, 0, 0, 25, 124
"/home/kaede-rei/ros2-workspace/arm-ws/src/tsid/tests/python/test_Tasks.py", "Python", 0, 0, 271, 0, 0, 0, 0, 0, 0, 0, 0, 0, 0, 0, 0, 0, 6, 73, 350
"/home/kaede-rei/ros2-workspace/arm-ws/src/tsid/tests/python/test_Trajectories.py", "Python", 0, 0, 39, 0, 0, 0, 0, 0, 0, 0, 0, 0, 0, 0, 0, 0, 0, 14, 53
"/home/kaede-rei/ros2-workspace/arm-ws/src/tsid/tests/robot-wrapper.cpp", "C++", 35, 0, 0, 0, 0, 0, 0, 0, 0, 0, 0, 0, 0, 0, 0, 0, 4, 16, 55
"/home/kaede-rei/ros2-workspace/arm-ws/src/tsid/tests/set_gravity.cpp", "C++", 25, 0, 0, 0, 0, 0, 0, 0, 0, 0, 0, 0, 0, 0, 0, 0, 3, 14, 42
"/home/kaede-rei/ros2-workspace/arm-ws/src/tsid/tests/tasks.cpp", "C++", 284, 0, 0, 0, 0, 0, 0, 0, 0, 0, 0, 0, 0, 0, 0, 0, 4, 60, 348
"/home/kaede-rei/ros2-workspace/arm-ws/src/tsid/tests/trajectories.cpp", "C++", 47, 0, 0, 0, 0, 0, 0, 0, 0, 0, 0, 0, 0, 0, 0, 0, 3, 14, 64
"/home/kaede-rei/ros2-workspace/arm-ws/src/tsid/tests/tsid-formulation.cpp", "C++", 598, 0, 0, 0, 0, 0, 0, 0, 0, 0, 0, 0, 0, 0, 0, 0, 44, 123, 765
"Total", "-", 12810, 745, 5440, 18066, 395, 318, 3476, 13152, 7, 471, 56, 230, 4, 167, 75, 143, 3864, 6652, 66071